气象站代码,日期,纬度,经度,气象站高程,气象站名称,平均气温,平均气温属性,平均露点,平均露点属性,平均海平面压强,平均海平面压强属性,平均观测站压强,平均观测站压强属性,平均能见度,平均能见度属性,平均风速,平均风速属性,最大持续风速,最大持续风速属性,最高气温,最高气温属性,最低气温,最低气温属性,降水量,降水量属性,积雪深度,指示器
1001099999,2022/1/1,70.9333333,-8.6666667,9,"JAN MAYEN NOR NAVY, NO",12.1,19,3.8,19,1010.2,19,9,19,9.9,4,16.6,19,27,35.5,18, ,9, ,0.01,E,999.9,1000
1001099999,2022/1/2,70.9333333,-8.6666667,9,"JAN MAYEN NOR NAVY, NO",24.7,18,20,18,990.3,18,989.1,18,1.9,5,23,17,44.5,60,33.3, ,16.2, ,0.11,E,999.9,1000
1001099999,2022/1/3,70.9333333,-8.6666667,9,"JAN MAYEN NOR NAVY, NO",30.9,18,21.7,18,1002.1,18,0.9,18,999.9,0,33.6,18,41,56.9,33.8, ,26.8, ,0,I,999.9,0
1001099999,2022/1/4,70.9333333,-8.6666667,9,"JAN MAYEN NOR NAVY, NO",23.6,15,14.4,15,1012.2,15,11,15,999.9,0,19.8,15,29.7,39,26.4, ,21.6, ,0,E,999.9,1000
1001099999,2022/1/5,70.9333333,-8.6666667,9,"JAN MAYEN NOR NAVY, NO",23.1,19,16.5,19,1007.6,19,6.4,19,999.9,0,6.6,13,12.8,15.9,24.8, ,20.1, ,0.04,E,999.9,1000
1001099999,2022/1/6,70.9333333,-8.6666667,9,"JAN MAYEN NOR NAVY, NO",31.7,17,26.5,17,1000,17,998.8,17,999.9,0,999.9,0,999.9,999.9,34.2, ,24.6, ,99.99, ,999.9,11000
1001099999,2022/1/7,70.9333333,-8.6666667,9,"JAN MAYEN NOR NAVY, NO",35,20,31.3,20,999.4,20,998.2,20,11.7,4,11.6,8,17.7,22.3,36.1, ,32, ,0,G,999.9,0
1001099999,2022/1/8,70.9333333,-8.6666667,9,"JAN MAYEN NOR NAVY, NO",34.5,21,31.5,21,1001.9,21,0.7,21,8.2,5,9.1,21,14.4,19.4,36, ,33.3, ,0,G,999.9,11000
1001099999,2022/1/9,70.9333333,-8.6666667,9,"JAN MAYEN NOR NAVY, NO",33.9,15,29.9,15,1009.9,15,8.7,15,14.1,4,5.1,15,12.2,15.3,34.7, ,32.4, ,0.01,G,999.9,0
1001099999,2022/1/10,70.9333333,-8.6666667,9,"JAN MAYEN NOR NAVY, NO",35.3,15,32.7,15,993.9,15,992.7,15,999.9,0,16.9,15,24.7,34.2,37, ,32.4, ,0,G,999.9,10000
1001099999,2022/1/11,70.9333333,-8.6666667,9,"JAN MAYEN NOR NAVY, NO",33.3,15,30.7,15,972.9,15,971.8,15,999.9,0,17.4,15,24.9,32.2,36.3, ,26.8, ,0,G,999.9,10000
1001099999,2022/1/12,70.9333333,-8.6666667,9,"JAN MAYEN NOR NAVY, NO",30.8,20,24,20,979.5,20,978.3,20,9.3,4,16,20,22.1,42.3,32.5, ,25.5, ,0.01,G,999.9,0
1001099999,2022/1/13,70.9333333,-8.6666667,9,"JAN MAYEN NOR NAVY, NO",26.9,21,22.3,21,988.7,21,987.5,21,999.9,0,14.2,21,25.4,46.8,32, ,23, ,0,G,999.9,1000
1001099999,2022/1/14,70.9333333,-8.6666667,9,"JAN MAYEN NOR NAVY, NO",26.5,16,20.7,16,1014.1,16,12.9,16,999.9,0,14.8,16,22.9,47.8,32.9,*,22.6, ,0.14,G,999.9,1000
1001099999,2022/1/15,70.9333333,-8.6666667,9,"JAN MAYEN NOR NAVY, NO",26.3,14,22.3,14,995.9,14,994.7,14,999.9,0,13,14,20.6,36.7,32.9, ,17.1, ,0,G,999.9,1000
1001099999,2022/1/16,70.9333333,-8.6666667,9,"JAN MAYEN NOR NAVY, NO",17.8,18,11.1,18,996.4,18,995.2,18,999.9,0,21.2,18,30.3,48.4,22.6,*,13.8, ,0.12,E,999.9,1000
1001099999,2022/1/17,70.9333333,-8.6666667,9,"JAN MAYEN NOR NAVY, NO",24.8,18,19.3,18,1003,18,1.8,18,999.9,0,15.6,18,27.8,44.3,38.3, ,13.5, ,0,I,999.9,0
1001099999,2022/1/18,70.9333333,-8.6666667,9,"JAN MAYEN NOR NAVY, NO",20.3,19,14.4,19,988.8,19,987.6,19,999.9,0,17.6,19,26.6,45.3,38.5, ,11.7, ,0.35,G,999.9,1000
1001099999,2022/1/19,70.9333333,-8.6666667,9,"JAN MAYEN NOR NAVY, NO",13.5,17,6.2,17,1010.3,17,9.1,17,999.9,0,22.1,17,32.2,50.9,16.3,*,10.8, ,0,G,999.9,1000
1001099999,2022/1/20,70.9333333,-8.6666667,9,"JAN MAYEN NOR NAVY, NO",21.5,21,14,21,1015,21,13.8,21,28,4,7.1,21,14.6,22.3,30.7, ,13.5, ,99.99, ,999.9,1000
1001099999,2022/1/21,70.9333333,-8.6666667,9,"JAN MAYEN NOR NAVY, NO",35.6,18,31.4,18,992.9,18,991.8,18,10.5,4,17,18,30.5,49.3,40.5, ,26.4, ,0.12,G,999.9,10000
1001099999,2022/1/22,70.9333333,-8.6666667,9,"JAN MAYEN NOR NAVY, NO",29.5,18,22.5,18,972.4,18,971.3,18,6.1,4,30.3,18,42,58.3,36.3, ,24.1, ,0.09,G,999.9,11100
1001099999,2022/1/23,70.9333333,-8.6666667,9,"JAN MAYEN NOR NAVY, NO",22.2,19,11.3,19,982.2,19,981,19,23,5,16.1,19,25.6,39.8,26.4, ,17.4, ,0.07,G,999.9,0
1001099999,2022/1/24,70.9333333,-8.6666667,9,"JAN MAYEN NOR NAVY, NO",20.6,14,9,14,1004.6,14,3.4,14,999.9,0,16.4,14,20.4,35.5,22.6,*,16.9, ,0,G,999.9,1000
1001099999,2022/1/25,70.9333333,-8.6666667,9,"JAN MAYEN NOR NAVY, NO",22.9,20,13.5,20,1005.8,20,4.6,20,29.8,5,11.1,20,21.4,27.8,26.6, ,16.3, ,0,G,999.9,0
1001099999,2022/1/26,70.9333333,-8.6666667,9,"JAN MAYEN NOR NAVY, NO",21.8,16,12.5,16,1003.8,16,2.6,16,999.9,0,13.8,16,24.7,33.8,26.6, ,19.4, ,99.99, ,999.9,1000
1001099999,2022/1/27,70.9333333,-8.6666667,9,"JAN MAYEN NOR NAVY, NO",20.7,18,13.7,18,1005.9,18,4.7,18,999.9,0,6.6,18,14,21.4,22.5, ,17.6, ,99.99, ,999.9,1000
1001099999,2022/1/28,70.9333333,-8.6666667,9,"JAN MAYEN NOR NAVY, NO",24,15,16.4,15,999.9,15,998.7,15,18.3,4,12.6,15,28.6,37.5,31.6,*,15.3, ,99.99, ,999.9,1000
1001099999,2022/1/29,70.9333333,-8.6666667,9,"JAN MAYEN NOR NAVY, NO",22.9,20,13.7,20,1002.5,20,1.3,20,999.9,0,16.7,20,35,47.6,27.3, ,16.9, ,99.99, ,999.9,1000
1001099999,2022/1/30,70.9333333,-8.6666667,9,"JAN MAYEN NOR NAVY, NO",23.2,18,15.8,18,1002.7,18,1.5,18,22.1,5,7.8,18,16.3,24.9,29.1, ,16.2, ,0.06,G,999.9,1000
1001099999,2022/1/31,70.9333333,-8.6666667,9,"JAN MAYEN NOR NAVY, NO",31.7,17,25.6,17,995.4,17,994.2,17,17.4,5,20,17,23.5,31.9,34.2, ,20.8, ,0.09,G,999.9,1000
1001099999,2022/2/1,70.9333333,-8.6666667,9,"JAN MAYEN NOR NAVY, NO",30.3,20,23.2,20,995.8,20,994.6,20,21.1,5,12.1,20,28,37.3,34, ,27.9, ,0,G,999.9,10000
1001099999,2022/2/2,70.9333333,-8.6666667,9,"JAN MAYEN NOR NAVY, NO",31.6,21,26.7,21,1000.6,21,999.4,21,20.2,4,14.2,21,20,28,34.5, ,27.9, ,0,I,999.9,0
1001099999,2022/2/3,70.9333333,-8.6666667,9,"JAN MAYEN NOR NAVY, NO",32.2,15,27,15,997.1,15,995.9,15,999.9,0,19.8,15,27.2,36.9,34.2, ,29.3, ,0.01,G,999.9,11000
1001099999,2022/2/4,70.9333333,-8.6666667,9,"JAN MAYEN NOR NAVY, NO",29.8,19,24.2,19,989.1,19,987.9,19,7.6,5,26.3,19,31.1,48.2,31.1, ,27.9, ,0,G,999.9,1000
1001099999,2022/2/5,70.9333333,-8.6666667,9,"JAN MAYEN NOR NAVY, NO",29.3,21,24.8,21,984.1,21,982.9,21,3.9,6,29.4,21,34.2,46.8,30.7, ,27.3, ,0.03,G,999.9,1000
1001099999,2022/2/6,70.9333333,-8.6666667,9,"JAN MAYEN NOR NAVY, NO",25.9,18,18.8,18,993.1,18,991.9,18,11,4,25,18,38.1,49,30.2, ,20.5, ,0,G,999.9,1000
1001099999,2022/2/7,70.9333333,-8.6666667,9,"JAN MAYEN NOR NAVY, NO",20.7,20,13.1,20,997.9,20,996.7,20,13,5,15.8,20,24.3,33.6,25, ,18.3, ,99.99, ,999.9,1000
1001099999,2022/2/8,70.9333333,-8.6666667,9,"JAN MAYEN NOR NAVY, NO",28.2,19,20.1,19,978.3,19,977.1,19,14,4,23.1,19,33.6,47.6,32.2, ,21, ,99.99, ,999.9,1000
1001099999,2022/2/9,70.9333333,-8.6666667,9,"JAN MAYEN NOR NAVY, NO",21.6,22,13.8,22,988.7,22,987.6,22,2.8,5,27.4,22,35.5,49.5,28.4, ,17.6, ,0.01,F,999.9,1000
1001099999,2022/2/10,70.9333333,-8.6666667,9,"JAN MAYEN NOR NAVY, NO",16.5,17,8,17,1002.2,17,1,17,999.9,0,10.6,17,21.2,35,21, ,12.7, ,0,E,999.9,0
1001099999,2022/2/11,70.9333333,-8.6666667,9,"JAN MAYEN NOR NAVY, NO",20.7,16,17.8,16,998.1,16,996.9,16,4.6,5,19,16,33.4,49.3,25.7, ,12.7, ,0.14,G,999.9,1000
1001099999,2022/2/12,70.9333333,-8.6666667,9,"JAN MAYEN NOR NAVY, NO",15.1,18,5.5,18,1007.4,18,6.2,18,14.4,4,9,18,14.8,28.2,16.9, ,13.1, ,0.06,G,999.9,1000
1001099999,2022/2/13,70.9333333,-8.6666667,9,"JAN MAYEN NOR NAVY, NO",16.5,17,7.5,17,1005.2,17,4,17,13.5,4,3.7,17,8.5,13.6,23.5, ,12.4, ,0,G,999.9,1000
1001099999,2022/2/14,70.9333333,-8.6666667,9,"JAN MAYEN NOR NAVY, NO",27.5,20,20.6,20,1004.8,20,3.6,20,14.2,6,8.8,20,12.4,19.2,28.9, ,18.7, ,0.04,G,999.9,1000
1001099999,2022/2/15,70.9333333,-8.6666667,9,"JAN MAYEN NOR NAVY, NO",28.8,22,20.4,22,1005.9,22,4.7,22,14.8,5,11.7,22,19.6,24.1,30.7, ,26.1, ,0.04,G,999.9,1000
1001099999,2022/2/16,70.9333333,-8.6666667,9,"JAN MAYEN NOR NAVY, NO",29.2,21,21.7,21,1000.8,21,999.6,21,23,5,13.3,21,22.7,36.9,32, ,26.2, ,0,G,999.9,10100
1001099999,2022/2/17,70.9333333,-8.6666667,9,"JAN MAYEN NOR NAVY, NO",28.8,18,20.5,18,999.8,18,998.6,18,18.6,4,16.5,18,21.8,34.2,31.3, ,26.1, ,0.01,G,999.9,0
1001099999,2022/2/18,70.9333333,-8.6666667,9,"JAN MAYEN NOR NAVY, NO",26.2,19,20.5,19,997.1,19,995.9,19,10.9,5,20.5,19,30.7,43.7,28.4, ,23.5, ,0.01,G,999.9,1000
1001099999,2022/2/19,70.9333333,-8.6666667,9,"JAN MAYEN NOR NAVY, NO",29.5,16,25.4,16,995.1,16,993.9,16,999.9,0,19.4,16,28.7,40.4,32.4, ,24.8, ,0.1,G,999.9,0
1001099999,2022/2/20,70.9333333,-8.6666667,9,"JAN MAYEN NOR NAVY, NO",26.3,23,18,23,996.9,23,995.7,23,17.6,6,19.8,23,27.4,35,32.4, ,20.7, ,0,G,999.9,0
1001099999,2022/2/21,70.9333333,-8.6666667,9,"JAN MAYEN NOR NAVY, NO",19.4,20,13.4,20,1005.8,20,4.6,20,7.6,5,14.1,20,19.6,26.6,23.7, ,17.4, ,0,G,999.9,1000
1001099999,2022/2/22,70.9333333,-8.6666667,9,"JAN MAYEN NOR NAVY, NO",24.9,18,18.5,18,999.4,18,998.2,18,15.9,5,18.2,18,26.8,37.3,27.5,*,19.4, ,0.02,G,999.9,1000
1001099999,2022/2/23,70.9333333,-8.6666667,9,"JAN MAYEN NOR NAVY, NO",23,23,16.1,23,991,23,989.8,23,8.2,6,25.6,23,36.3,51.5,28.2, ,18.5, ,0,G,999.9,1000
1001099999,2022/2/24,70.9333333,-8.6666667,9,"JAN MAYEN NOR NAVY, NO",18.9,11,10.7,11,994.5,11,993.3,11,999.9,0,24.5,11,38.7,53,20.8, ,15.6, ,0,I,999.9,0
1001099999,2022/2/25,70.9333333,-8.6666667,9,"JAN MAYEN NOR NAVY, NO",15.2,13,5,13,1009.2,13,8,13,10.4,4,10.3,13,17.5,24.1,20.3,*,10.8, ,0.02,G,999.9,1000
1001099999,2022/2/26,70.9333333,-8.6666667,9,"JAN MAYEN NOR NAVY, NO",28.9,17,26.6,17,988.6,17,987.4,17,3.2,5,23.2,17,40.6,56.7,33.4, ,14.4, ,0,G,999.9,1000
1001099999,2022/2/27,70.9333333,-8.6666667,9,"JAN MAYEN NOR NAVY, NO",30.8,17,28.5,17,993.8,17,992.6,17,4.5,4,11.4,17,26,34.8,33.8, ,28.2, ,0,G,999.9,11000
1001099999,2022/2/28,70.9333333,-8.6666667,9,"JAN MAYEN NOR NAVY, NO",32.9,12,29.3,12,994.9,12,993.7,12,999.9,0,24.3,12,29.7,44.1,35.6,*,28.2, ,0.01,E,999.9,1000
1001099999,2022/3/1,70.9333333,-8.6666667,9,"JAN MAYEN NOR NAVY, NO",32.2,9,29.3,9,990.9,9,989.8,9,4.8,4,22.7,9,33.4,45.3,36.5, ,28.2, ,0.09,G,999.9,10000
1001099999,2022/3/2,70.9333333,-8.6666667,9,"JAN MAYEN NOR NAVY, NO",23.4,10,16.9,10,1021.1,10,19.9,10,999.9,0,9.6,10,15.5,28.2,27.7, ,20.7, ,0,G,999.9,0
1001099999,2022/3/3,70.9333333,-8.6666667,9,"JAN MAYEN NOR NAVY, NO",31.8,9,29.2,9,1017,9,15.8,9,999.9,0,17.6,9,24.3,31.5,36.1, ,20.8, ,0.02,E,999.9,0
1001099999,2022/3/4,70.9333333,-8.6666667,9,"JAN MAYEN NOR NAVY, NO",32.7,14,30.8,14,991.8,14,990.6,14,1.9,4,14.5,14,24.3,32.2,36.3, ,29.7, ,0.34,G,999.9,11000
1001099999,2022/3/5,70.9333333,-8.6666667,9,"JAN MAYEN NOR NAVY, NO",29.8,5,26.1,5,1005.5,5,4.3,5,999.9,0,13.3,5,17.3,38.7,33.6, ,28.6, ,0.11,G,999.9,1000
1001099999,2022/3/6,70.9333333,-8.6666667,9,"JAN MAYEN NOR NAVY, NO",30.5,12,25.3,12,1009.2,12,8,12,999.9,0,14,12,24.9,41.8,33.4, ,24.6, ,0,G,999.9,0
1001099999,2022/3/7,70.9333333,-8.6666667,9,"JAN MAYEN NOR NAVY, NO",32.9,9,24.9,9,999.1,9,997.9,9,999.9,0,22.8,9,25.4,40.6,33.3, ,32.2, ,0,G,999.9,0
1001099999,2022/3/8,70.9333333,-8.6666667,9,"JAN MAYEN NOR NAVY, NO",33.3,8,30.6,8,1000.4,8,999.2,8,999.9,0,10.7,8,17.3,21,35.1, ,31.8, ,99.99, ,999.9,10000
1001099999,2022/3/9,70.9333333,-8.6666667,9,"JAN MAYEN NOR NAVY, NO",35.3,10,33.9,10,989,10,987.9,10,2.2,4,9.5,10,14.6,20.8,37.8, ,34, ,0.09,G,999.9,10000
1001099999,2022/3/10,70.9333333,-8.6666667,9,"JAN MAYEN NOR NAVY, NO",33.3,12,30.7,12,999,12,997.8,12,999.9,0,9.7,12,14.6,20.4,35.6, ,32.4, ,0,G,999.9,0
1001099999,2022/3/11,70.9333333,-8.6666667,9,"JAN MAYEN NOR NAVY, NO",35.4,12,34.1,12,1002.3,12,1.1,12,6.6,5,12.6,12,16.1,21,37, ,32.9, ,0.02,G,999.9,10000
1001099999,2022/3/12,70.9333333,-8.6666667,9,"JAN MAYEN NOR NAVY, NO",35.9,11,34.8,11,999.4,11,998.2,11,999.9,0,13.4,11,19.6,23.5,37.2, ,34.2,*,0,G,999.9,10000
1001099999,2022/3/13,70.9333333,-8.6666667,9,"JAN MAYEN NOR NAVY, NO",34.9,9,30.1,9,1000.8,9,999.6,9,9.6,4,11.8,9,23.3,29.9,37.4, ,32.2, ,0.02,G,999.9,10000
1001099999,2022/3/14,70.9333333,-8.6666667,9,"JAN MAYEN NOR NAVY, NO",33.3,10,31.8,10,1004.7,10,3.5,10,999.9,0,7.3,10,18.5,23.1,37.4, ,30.9, ,0,G,999.9,0
1001099999,2022/3/15,70.9333333,-8.6666667,9,"JAN MAYEN NOR NAVY, NO",35.5,8,33.4,8,987.6,8,986.5,8,999.9,0,21.1,8,28.2,35.5,36.9, ,34.2, ,0.12,E,999.9,10000
1001099999,2022/3/16,70.9333333,-8.6666667,9,"JAN MAYEN NOR NAVY, NO",33.9,11,29.9,11,993.9,11,992.7,11,13.2,4,19.3,11,22.3,28.2,34.7, ,33.3, ,0,I,999.9,0
1001099999,2022/3/17,70.9333333,-8.6666667,9,"JAN MAYEN NOR NAVY, NO",34.1,5,29.4,5,996.7,5,995.5,5,999.9,0,15.8,5,21.2,29.5,37.4, ,31.1, ,0.02,G,999.9,0
1001099999,2022/3/18,70.9333333,-8.6666667,9,"JAN MAYEN NOR NAVY, NO",32.1,10,25.9,10,995.9,10,994.7,10,14.3,5,20.7,10,24.7,37.3,35.2, ,28.9, ,0,G,999.9,11000
1001099999,2022/3/19,70.9333333,-8.6666667,9,"JAN MAYEN NOR NAVY, NO",27.4,8,21.9,8,1007.5,8,6.3,8,999.9,0,10,8,17.3,25.1,32.7, ,23.2, ,0.06,G,999.9,1000
1001099999,2022/3/20,70.9333333,-8.6666667,9,"JAN MAYEN NOR NAVY, NO",33.9,16,32.2,16,999.2,16,998,16,999.9,0,17.3,16,37.3,60.4,36.9, ,25.3, ,0,G,999.9,11000
1001099999,2022/3/21,70.9333333,-8.6666667,9,"JAN MAYEN NOR NAVY, NO",26,8,19.1,8,1017.3,8,16.1,8,999.9,0,13.8,8,35.2,52.6,31.1, ,22.5, ,99.99, ,999.9,1000
1001099999,2022/3/22,70.9333333,-8.6666667,9,"JAN MAYEN NOR NAVY, NO",21.1,7,15.4,7,1022.5,7,21.3,7,999.9,0,15.2,7,27.2,34.2,27.3, ,16.3, ,0,I,999.9,0
1001099999,2022/3/23,70.9333333,-8.6666667,9,"JAN MAYEN NOR NAVY, NO",21.6,8,15,8,1022,8,20.8,8,999.9,0,12,8,21,29.9,22.6, ,19.9, ,99.99, ,999.9,1000
1001099999,2022/3/24,70.9333333,-8.6666667,9,"JAN MAYEN NOR NAVY, NO",25.4,7,21.1,7,1018.1,7,16.9,7,999.9,0,15.3,7,25.3,34.2,32.4, ,21, ,0.01,G,999.9,1000
1001099999,2022/3/25,70.9333333,-8.6666667,9,"JAN MAYEN NOR NAVY, NO",23.1,11,17.2,11,1023.7,11,22.5,11,10.6,4,18,11,38.7,59.1,26.2, ,18.9, ,0,G,999.9,0
1001099999,2022/3/26,70.9333333,-8.6666667,9,"JAN MAYEN NOR NAVY, NO",28.2,11,25.6,11,1016.5,11,15.3,11,999.9,0,10.9,11,18.5,23.5,33.3, ,17.2, ,99.99, ,999.9,1000
1001099999,2022/3/27,70.9333333,-8.6666667,9,"JAN MAYEN NOR NAVY, NO",29.1,11,27.5,11,1006.5,11,5.3,11,2.3,6,21.3,11,35,53.2,34.3, ,22.5, ,0.33,G,999.9,11000
1001099999,2022/3/28,70.9333333,-8.6666667,9,"JAN MAYEN NOR NAVY, NO",22.1,8,17.3,8,1026.2,8,25,8,999.9,0,19.5,8,32.6,39.6,27, ,18.9, ,0,G,999.9,0
1001099999,2022/3/29,70.9333333,-8.6666667,9,"JAN MAYEN NOR NAVY, NO",24.3,9,14.4,9,1031.3,9,30.1,9,999.9,0,10.9,9,15.5,18.5,27.5, ,22.5, ,0,I,999.9,0
1001099999,2022/3/30,70.9333333,-8.6666667,9,"JAN MAYEN NOR NAVY, NO",22.7,9,14.5,9,1029.9,9,28.7,9,999.9,0,5.7,9,9.1,12.8,26.8, ,17.2, ,0,I,999.9,0
1001099999,2022/3/31,70.9333333,-8.6666667,9,"JAN MAYEN NOR NAVY, NO",24.7,5,19.7,5,1023.2,5,22,5,999.9,0,7.4,5,15.7,22.5,28.9, ,20.7, ,0,I,999.9,0
1001099999,2022/4/1,70.9333333,-8.6666667,9,"JAN MAYEN NOR NAVY, NO",21.7,5,14.7,5,1021.5,5,20.3,5,999.9,0,11.3,5,17.7,26.4,24.6, ,20.3, ,0,I,999.9,0
1001099999,2022/4/2,70.9333333,-8.6666667,9,"JAN MAYEN NOR NAVY, NO",19.4,5,10.5,5,1022.6,5,21.4,5,999.9,0,12.3,5,14.8,21.4,21.2, ,17.6, ,0,I,999.9,0
1001099999,2022/4/3,70.9333333,-8.6666667,9,"JAN MAYEN NOR NAVY, NO",18.9,7,10.9,7,1016,7,14.8,7,999.9,0,14.6,7,18.1,26.2,20.1, ,16.5, ,99.99, ,999.9,1000
1001099999,2022/4/4,70.9333333,-8.6666667,9,"JAN MAYEN NOR NAVY, NO",22.7,6,16.4,6,1013.1,6,11.9,6,999.9,0,20.2,6,22.7,31.9,24.4, ,19.4, ,0,E,999.9,1000
1001099999,2022/4/6,70.9333333,-8.6666667,9,"JAN MAYEN NOR NAVY, NO",28.3,10,20.5,10,1011.1,10,9.9,10,28.3,4,14.4,10,17.5,36.5,30.6, ,24.6, ,0,G,999.9,1000
1001099999,2022/4/7,70.9333333,-8.6666667,9,"JAN MAYEN NOR NAVY, NO",25.5,9,18.8,9,1010.3,9,9.1,9,999.9,0,12.2,9,16.9,22.3,27.9, ,23.5, ,0.01,G,999.9,1000
1001099999,2022/4/8,70.9333333,-8.6666667,9,"JAN MAYEN NOR NAVY, NO",22.7,6,15.8,6,1012.2,6,11,6,999.9,0,19.3,6,22.5,30.9,24.4, ,21, ,0,G,999.9,1000
1001099999,2022/4/9,70.9333333,-8.6666667,9,"JAN MAYEN NOR NAVY, NO",25.5,6,21.8,6,1011.2,6,10,6,999.9,0,21.8,6,29.9,38.5,31.1, ,20.8, ,0.01,G,999.9,0
1001099999,2022/4/10,70.9333333,-8.6666667,9,"JAN MAYEN NOR NAVY, NO",30.6,9,26.3,9,1014.5,9,13.3,9,999.9,0,15.1,9,16.7,30.1,31.5, ,28.6, ,0,G,999.9,1000
1001099999,2022/4/11,70.9333333,-8.6666667,9,"JAN MAYEN NOR NAVY, NO",27.9,9,23.8,9,1017.6,9,16.4,9,999.9,0,18.6,9,25.3,33,29.3, ,26.6, ,0,I,999.9,0
1001099999,2022/4/12,70.9333333,-8.6666667,9,"JAN MAYEN NOR NAVY, NO",25.8,6,22.5,6,1019.4,6,18.2,6,999.9,0,24.1,6,26.4,35.4,27.3, ,24.1, ,0.12,G,999.9,1000
1001099999,2022/4/13,70.9333333,-8.6666667,9,"JAN MAYEN NOR NAVY, NO",25.7,7,17.9,7,1022.2,7,21,7,999.9,0,6.5,7,13.2,16.7,29.8, ,17.8, ,0,G,999.9,0
1001099999,2022/4/14,70.9333333,-8.6666667,9,"JAN MAYEN NOR NAVY, NO",33.2,5,30.1,5,1018.1,5,16.9,5,999.9,0,7,5,11.1,18.3,34.3, ,30.4, ,0,I,999.9,0
1001099999,2022/4/15,70.9333333,-8.6666667,9,"JAN MAYEN NOR NAVY, NO",34.8,6,33.1,6,1011.4,6,10.1,6,999.9,0,15.6,6,32.4,39,36, ,32.2, ,99.99, ,999.9,10000
1001099999,2022/7/16,70.9333333,-8.6666667,9,"JAN MAYEN NOR NAVY, NO",43.1,24,40.5,24,1008.2,24,7,24,6.4,6,13.3,24,24.5,29.5,47.8, ,40.1, ,0.02,G,999.9,10000
1001099999,2022/7/17,70.9333333,-8.6666667,9,"JAN MAYEN NOR NAVY, NO",42,18,40.3,18,1007.4,18,6.2,18,4.5,5,2.2,18,4.7,11.3,45, ,40.5, ,0,G,999.9,100000
1001099999,2022/7/19,70.9333333,-8.6666667,9,"JAN MAYEN NOR NAVY, NO",42.9,24,41.1,24,1014,24,12.8,24,11.6,6,3.3,24,6.2,17.3,46.2, ,40.3, ,0.08,G,999.9,110000
1001099999,2022/7/20,70.9333333,-8.6666667,9,"JAN MAYEN NOR NAVY, NO",46,8,43.8,8,1015.4,8,14.2,8,999.9,0,3,8,6,999.9,47.8, ,44.6, ,0,G,999.9,10000
1001099999,2022/7/21,70.9333333,-8.6666667,9,"JAN MAYEN NOR NAVY, NO",44.9,6,43.5,6,1017.1,6,15.9,6,999.9,0,2.9,6,4.9,999.9,46, ,43.9, ,0,I,999.9,0
1001099999,2022/7/22,70.9333333,-8.6666667,9,"JAN MAYEN NOR NAVY, NO",43.7,15,42.6,15,1017.8,15,16.6,15,1.1,4,3.4,15,7.2,999.9,45.5, ,42.8, ,0,G,999.9,100000
1001099999,2022/7/30,70.9333333,-8.6666667,9,"JAN MAYEN NOR NAVY, NO",44.5,24,43.8,24,1002.5,24,1.3,24,1,6,9.6,24,17.3,24.1,46.8, ,39.9, ,0.24,G,0.8,10000
1001099999,2022/7/31,70.9333333,-8.6666667,9,"JAN MAYEN NOR NAVY, NO",45.6,18,44.2,18,999.3,18,998.2,18,6.5,5,14.5,18,19.2,26.4,47.3, ,44.2, ,0.75,G,999.9,10000
1001099999,2022/9/17,70.9333333,-8.6666667,9,"JAN MAYEN NOR NAVY, NO",37.4,24,31.5,24,1024.1,24,22.9,24,15.5,6,12.3,24,17.7,23.3,40.3, ,34.7, ,0,G,999.9,10000
1001099999,2022/9/18,70.9333333,-8.6666667,9,"JAN MAYEN NOR NAVY, NO",35.6,18,30.5,18,1024.6,18,23.4,18,23.6,5,3.3,18,6.4,10.5,38.3, ,33.4, ,0,G,999.9,0
1001099999,2022/9/20,70.9333333,-8.6666667,9,"JAN MAYEN NOR NAVY, NO",44,11,43.4,11,997,11,995.9,11,999.9,0,10.8,11,15.7,17.3,45, ,43, ,99.99, ,0.8,10000
1001099999,2022/9/21,70.9333333,-8.6666667,9,"JAN MAYEN NOR NAVY, NO",40.7,24,38.4,24,998.9,24,997.7,24,6.3,6,8.5,24,26,34.4,45, ,37.6, ,0.59,G,999.9,10000
1001099999,2022/9/22,70.9333333,-8.6666667,9,"JAN MAYEN NOR NAVY, NO",40.7,24,39.9,24,991.8,24,990.7,24,1.2,6,9.4,24,17.7,31.5,44.2, ,36.5, ,0.19,G,999.9,110000
1001099999,2022/9/23,70.9333333,-8.6666667,9,"JAN MAYEN NOR NAVY, NO",38.8,24,33.1,24,1000.9,24,999.7,24,18.5,6,13.3,24,22.7,37.7,40.8, ,36,*,0.67,G,999.9,10000
1001099999,2022/9/24,70.9333333,-8.6666667,9,"JAN MAYEN NOR NAVY, NO",42.3,24,40,24,995.1,24,994,24,3.2,6,12.4,24,21.6,31.7,44.8, ,38.8, ,0,G,0.4,10000
1001099999,2022/9/25,70.9333333,-8.6666667,9,"JAN MAYEN NOR NAVY, NO",43.7,24,42.5,24,969.8,24,968.7,24,1.5,6,13,24,28.9,36.9,46.9, ,42.1, ,1.42,G,999.9,110000
1001099999,2022/9/26,70.9333333,-8.6666667,9,"JAN MAYEN NOR NAVY, NO",44.9,24,43,24,994.8,24,993.7,24,5.2,6,17.9,24,26,37.9,49.3, ,41.9, ,0,G,999.9,10000
1001099999,2022/9/27,70.9333333,-8.6666667,9,"JAN MAYEN NOR NAVY, NO",45.3,24,43.1,24,1008.8,24,7.6,24,11.6,6,6.6,24,18.3,30.9,49.3, ,41.4, ,0,G,999.9,100000
1001099999,2022/9/28,70.9333333,-8.6666667,9,"JAN MAYEN NOR NAVY, NO",43.6,23,42.8,23,1009.6,23,8.4,23,1.3,6,2.3,23,4.1,999.9,47.1, ,40.6, ,0,G,999.9,100000
1001099999,2022/9/29,70.9333333,-8.6666667,9,"JAN MAYEN NOR NAVY, NO",43.8,24,43.2,24,1003.2,24,2.1,24,3.5,6,8,24,14.2,17.7,46.4, ,43, ,0.08,G,999.9,110000
1001099999,2022/9/30,70.9333333,-8.6666667,9,"JAN MAYEN NOR NAVY, NO",43.8,24,42.8,24,995.9,24,994.8,24,5.7,6,11.1,24,16.1,20.8,45.9, ,41.2, ,0,G,999.9,110000
1001099999,2022/10/1,70.9333333,-8.6666667,9,"JAN MAYEN NOR NAVY, NO",45.8,24,42.8,24,999.3,24,998.2,24,6.2,4,16.5,24,19.6,27.4,46.9, ,44.1,*,0.12,G,999.9,0
1001099999,2022/10/2,70.9333333,-8.6666667,9,"JAN MAYEN NOR NAVY, NO",44.1,24,39.8,24,1000.6,24,999.5,24,16.3,4,16.6,24,19.4,26.4,45.5, ,43.3, ,0,G,999.9,10000
1001099999,2022/10/3,70.9333333,-8.6666667,9,"JAN MAYEN NOR NAVY, NO",43.5,20,42.7,20,1002,20,0.9,20,1.3,4,10.5,20,12.8,19.4,44.8, ,42.1, ,99.99, ,999.9,10000
1001099999,2022/10/4,70.9333333,-8.6666667,9,"JAN MAYEN NOR NAVY, NO",43.9,22,43.1,22,987.7,22,986.6,22,2.7,4,15.5,22,29.5,37.3,45.7, ,41, ,99.99, ,999.9,10000
1001099999,2022/10/5,70.9333333,-8.6666667,9,"JAN MAYEN NOR NAVY, NO",44.1,24,41.7,24,975.7,24,974.6,24,4.2,4,15.7,24,22.5,29.9,45.7, ,43.2, ,0.31,G,999.9,10000
1001099999,2022/10/6,70.9333333,-8.6666667,9,"JAN MAYEN NOR NAVY, NO",44.2,24,40.9,24,982.4,24,981.3,24,9,4,16.6,24,22.7,30.3,46.6, ,40.3, ,0.05,G,999.9,0
1001099999,2022/10/7,70.9333333,-8.6666667,9,"JAN MAYEN NOR NAVY, NO",37.9,24,35.2,24,991.5,24,990.4,24,7.3,4,18.4,24,23.5,32.4,44.1, ,35.1, ,0.01,G,999.9,10000
1001099999,2022/10/8,70.9333333,-8.6666667,9,"JAN MAYEN NOR NAVY, NO",32.4,24,28.7,24,995.6,24,994.4,24,3.9,4,18.7,24,23.9,35.2,36.1, ,31.1, ,0.07,G,999.9,1000
1001099999,2022/10/9,70.9333333,-8.6666667,9,"JAN MAYEN NOR NAVY, NO",34.9,24,30.5,24,994.5,24,993.3,24,17.1,4,12,24,29.1,46.8,37.9, ,31.3, ,0.12,G,999.9,0
1001099999,2022/10/10,70.9333333,-8.6666667,9,"JAN MAYEN NOR NAVY, NO",33.8,24,31.3,24,991,24,989.8,24,0.9,4,27.7,24,35.5,48.4,36.5, ,31.3, ,0.21,G,999.9,11000
1001099999,2022/10/11,70.9333333,-8.6666667,9,"JAN MAYEN NOR NAVY, NO",27.9,24,20.2,24,1001.7,24,0.5,24,14.6,4,15.7,24,30.9,52.3,33.4, ,26.6, ,1.11,G,999.9,0
1001099999,2022/10/12,70.9333333,-8.6666667,9,"JAN MAYEN NOR NAVY, NO",32.3,23,26.8,23,1001,23,999.8,23,24.9,4,13.5,23,22,28.2,36.7, ,25.9, ,0.01,G,999.9,0
1001099999,2022/10/13,70.9333333,-8.6666667,9,"JAN MAYEN NOR NAVY, NO",37.3,13,32.6,13,999,13,997.8,13,999.9,0,10.4,13,18.3,32.6,40.8, ,35.4, ,0.01,G,999.9,0
1001099999,2022/10/14,70.9333333,-8.6666667,9,"JAN MAYEN NOR NAVY, NO",40.2,22,37.1,22,995.3,22,994.2,22,3.6,4,14,22,24.7,37.7,43.7, ,36.3, ,0.13,G,999.9,110000
1001099999,2022/10/15,70.9333333,-8.6666667,9,"JAN MAYEN NOR NAVY, NO",40.2,24,37.7,24,1001.5,24,0.3,24,10.1,4,17.5,24,25.6,44.7,44.2, ,37.6, ,0.01,G,999.9,110000
1001099999,2022/10/16,70.9333333,-8.6666667,9,"JAN MAYEN NOR NAVY, NO",31.6,22,26.4,22,1013,22,11.8,22,11.7,4,21.4,22,33.2,48,39.9, ,27.1, ,0.09,G,999.9,1000
1001099999,2022/10/17,70.9333333,-8.6666667,9,"JAN MAYEN NOR NAVY, NO",35,18,25.7,18,1014.6,18,13.3,18,23.3,4,6.5,18,16.5,30.7,38.5, ,27.1, ,0.01,G,999.9,0
1001099999,2022/10/18,70.9333333,-8.6666667,9,"JAN MAYEN NOR NAVY, NO",35.3,22,31.6,22,1012.7,22,11.5,22,999.9,0,10.6,22,32.6,40.6,37.8, ,31.6, ,0,G,999.9,100000
1001099999,2022/10/19,70.9333333,-8.6666667,9,"JAN MAYEN NOR NAVY, NO",36.1,24,33.1,24,1013.4,24,12.2,24,6.1,4,6.5,24,21.6,38.7,41.9, ,33.8, ,0.02,G,999.9,110000
1001099999,2022/10/20,70.9333333,-8.6666667,9,"JAN MAYEN NOR NAVY, NO",36.2,22,33.3,22,1009.1,22,7.9,22,6.4,4,7.4,22,12.2,20.8,39.2, ,34.2,*,0.02,G,999.9,10000
1001099999,2022/10/21,70.9333333,-8.6666667,9,"JAN MAYEN NOR NAVY, NO",30,22,24.4,22,1013,22,11.8,22,8.7,4,17.1,22,23.1,35.7,36, ,24.3, ,0.02,G,999.9,11000
1001099999,2022/10/22,70.9333333,-8.6666667,9,"JAN MAYEN NOR NAVY, NO",25.9,24,18.5,24,1014.1,24,12.9,24,17.9,4,16.1,24,20.2,41.2,28.6, ,22.8, ,0.02,G,999.9,1000
1001099999,2022/10/23,70.9333333,-8.6666667,9,"JAN MAYEN NOR NAVY, NO",31.2,24,26.9,24,1011.9,24,10.7,24,11.8,4,12.6,24,21.2,26,36.5,*,24.6, ,0.03,G,999.9,11000
1001099999,2022/10/24,70.9333333,-8.6666667,9,"JAN MAYEN NOR NAVY, NO",33.1,24,29.5,24,1007.6,24,6.4,24,12.5,4,7.4,24,18.1,23.5,36.7, ,31.3, ,0.11,G,999.9,11000
1001099999,2022/10/25,70.9333333,-8.6666667,9,"JAN MAYEN NOR NAVY, NO",31.5,24,29.3,24,1009.2,24,8,24,5.7,4,13.7,24,23.1,31.3,32.5, ,30.4, ,0.02,G,999.9,10000
1001099999,2022/10/26,70.9333333,-8.6666667,9,"JAN MAYEN NOR NAVY, NO",29.7,24,27.2,24,1010.2,24,9,24,7.6,4,8.5,24,21.4,30.1,32, ,25.7, ,0.01,G,999.9,110000
1001099999,2022/10/27,70.9333333,-8.6666667,9,"JAN MAYEN NOR NAVY, NO",29.3,23,26.4,23,1005,23,3.8,23,7.8,4,6.4,23,12.4,17.7,31.1, ,25.7, ,0.02,G,999.9,10000
1001099999,2022/10/28,70.9333333,-8.6666667,9,"JAN MAYEN NOR NAVY, NO",30.2,24,26.5,24,998.2,24,997,24,2.3,4,10.6,24,20.2,29.1,33.1, ,27, ,0.12,G,999.9,1000
1001099999,2022/10/29,70.9333333,-8.6666667,9,"JAN MAYEN NOR NAVY, NO",35.2,24,29.8,24,999.5,24,998.3,24,15.5,4,11.3,24,17.7,31.7,39.4, ,24.8, ,0.16,G,999.9,10000
1001099999,2022/10/30,70.9333333,-8.6666667,9,"JAN MAYEN NOR NAVY, NO",37.1,24,34.2,24,998.4,24,997.1,24,17.6,4,7.2,24,14.2,20.2,38.7, ,34.9, ,0,G,999.9,10000
1001099999,2022/10/31,70.9333333,-8.6666667,9,"JAN MAYEN NOR NAVY, NO",39.7,24,39.1,24,992.3,24,991.2,24,0.2,4,8.3,24,14.4,16.9,41, ,34.9, ,0.09,G,999.9,10000
1001099999,2022/11/1,70.9333333,-8.6666667,9,"JAN MAYEN NOR NAVY, NO",38.6,24,38.1,24,986.9,24,985.8,24,0.3,4,9.2,24,16.9,19.6,40.5, ,35.6, ,0.77,G,999.9,10000
1001099999,2022/11/2,70.9333333,-8.6666667,9,"JAN MAYEN NOR NAVY, NO",35.9,24,35,24,990.5,24,989.3,24,2,4,2.8,24,8.2,15.5,39.2, ,33.6, ,0.2,G,999.9,10000
1001099999,2022/11/3,70.9333333,-8.6666667,9,"JAN MAYEN NOR NAVY, NO",37.5,24,36.6,24,1002.8,24,1.6,24,0.4,4,7.2,24,23.3,30.3,40.6, ,33.3, ,0.08,G,999.9,10000
1001099999,2022/11/4,70.9333333,-8.6666667,9,"JAN MAYEN NOR NAVY, NO",30.7,24,27.4,24,1010.8,24,9.6,24,5.1,4,18.7,24,28.6,37.9,35.4, ,27.5, ,0.02,G,999.9,11000
1001099999,2022/11/5,70.9333333,-8.6666667,9,"JAN MAYEN NOR NAVY, NO",27.6,24,21.6,24,1012.6,24,11.4,24,23.3,4,7.8,24,15.2,23.7,30.7, ,26.8, ,0,G,999.9,0
1001099999,2022/11/6,70.9333333,-8.6666667,9,"JAN MAYEN NOR NAVY, NO",32.4,24,26,24,1009,24,7.8,24,24.1,4,5,24,11.3,15.9,34.3, ,27.5, ,0,G,999.9,0
1001099999,2022/11/7,70.9333333,-8.6666667,9,"JAN MAYEN NOR NAVY, NO",34.2,24,29.1,24,1011.3,24,10.1,24,15.5,4,7.3,24,11.8,15.3,35.2, ,31.5, ,0,G,999.9,0
1001099999,2022/11/8,70.9333333,-8.6666667,9,"JAN MAYEN NOR NAVY, NO",35.5,23,30.4,23,1007.2,23,6,23,17.9,4,10.6,23,17.7,22.5,36.3, ,33.8, ,0,G,999.9,10000
1001099999,2022/11/9,70.9333333,-8.6666667,9,"JAN MAYEN NOR NAVY, NO",37.5,23,33.4,23,1000.6,23,999.4,23,14,4,9.1,23,15.3,21.2,39.2, ,33.4, ,0,G,999.9,10000
1001099999,2022/11/10,70.9333333,-8.6666667,9,"JAN MAYEN NOR NAVY, NO",37.7,24,31.9,24,995,24,993.8,24,14.8,4,12.8,24,21.6,31.5,39.2, ,36.3, ,0.02,G,999.9,10000
1001099999,2022/11/11,70.9333333,-8.6666667,9,"JAN MAYEN NOR NAVY, NO",37.4,24,32.3,24,994.8,24,993.6,24,10.9,4,14.6,24,27,47.2,39.6, ,36,*,0,G,999.9,10000
1001099999,2022/11/12,70.9333333,-8.6666667,9,"JAN MAYEN NOR NAVY, NO",36.8,24,31.8,24,1011.9,24,10.7,24,7.1,4,5.4,24,13.4,21.4,39.6, ,34, ,0,G,999.9,0
1001099999,2022/11/13,70.9333333,-8.6666667,9,"JAN MAYEN NOR NAVY, NO",35.2,24,31.8,24,1020.1,24,18.9,24,6.1,4,3.2,24,8.5,16.7,38.7, ,32.4, ,0,G,999.9,0
1001099999,2022/11/14,70.9333333,-8.6666667,9,"JAN MAYEN NOR NAVY, NO",34.5,23,32.1,23,1022.5,23,21.3,23,21.7,4,7.1,23,12.8,17.5,38.7, ,28.6, ,0.01,G,999.9,10000
1001099999,2022/11/15,70.9333333,-8.6666667,9,"JAN MAYEN NOR NAVY, NO",39.6,23,38.5,23,1011.6,23,10.4,23,1.9,4,12.6,23,16.5,20.6,40.6, ,37.6, ,0.02,G,999.9,10000
1001099999,2022/11/16,70.9333333,-8.6666667,9,"JAN MAYEN NOR NAVY, NO",39.9,24,39.1,24,1004.6,24,3.4,24,1.8,4,5.1,24,8.7,15.2,41.9, ,38.1, ,0.02,G,999.9,10000
1001099999,2022/11/17,70.9333333,-8.6666667,9,"JAN MAYEN NOR NAVY, NO",40.5,23,38.4,23,1007.4,23,6.2,23,999.9,0,9.8,23,14.8,19,41.9, ,39.6,*,0.07,G,999.9,0
1001099999,2022/11/18,70.9333333,-8.6666667,9,"JAN MAYEN NOR NAVY, NO",37.7,24,36.6,24,1014,24,12.8,24,1.7,4,6.7,24,12,19,40.8, ,35.6, ,0,G,999.9,10000
1001099999,2022/11/19,70.9333333,-8.6666667,9,"JAN MAYEN NOR NAVY, NO",37.9,24,36.9,24,1014.4,24,13.2,24,1.8,4,12.2,24,15.2,20,40.1,*,36, ,0.02,G,999.9,110000
1001099999,2022/11/20,70.9333333,-8.6666667,9,"JAN MAYEN NOR NAVY, NO",39.4,24,36.6,24,1013.2,24,12,24,9.2,4,10.4,24,12.4,18.1,40.1, ,37.9, ,0,G,999.9,0
1001099999,2022/11/21,70.9333333,-8.6666667,9,"JAN MAYEN NOR NAVY, NO",38.6,24,36,24,1015.8,24,14.6,24,7.3,4,6.4,24,11.5,15.9,39.9, ,36.9, ,0,G,999.9,10000
1001099999,2022/11/22,70.9333333,-8.6666667,9,"JAN MAYEN NOR NAVY, NO",38.4,24,35.1,24,1016.4,24,15.2,24,7.8,4,9.6,24,15,20.2,39.6, ,37.6, ,0.01,G,999.9,10000
1001099999,2022/11/23,70.9333333,-8.6666667,9,"JAN MAYEN NOR NAVY, NO",37.3,24,34.3,24,1009.2,24,8,24,10.6,4,10,24,15.2,21.8,39, ,33.3, ,0,G,999.9,11000
1001099999,2022/11/24,70.9333333,-8.6666667,9,"JAN MAYEN NOR NAVY, NO",39.1,23,34.7,23,1010.4,23,9.2,23,10.4,4,11.5,23,16.9,22.1,39.9, ,36.3, ,0.1,G,999.9,10000
1001099999,2022/11/25,70.9333333,-8.6666667,9,"JAN MAYEN NOR NAVY, NO",38.2,24,34.2,24,1009.1,24,7.9,24,13.2,4,10.2,24,17.1,22.3,39.7, ,36.5, ,0,G,999.9,10000
1001099999,2022/11/26,70.9333333,-8.6666667,9,"JAN MAYEN NOR NAVY, NO",40,23,39.1,23,1003.4,23,2.2,23,0.6,4,8,23,13.6,16.7,41,*,38.3, ,0.07,G,999.9,10000
1001099999,2022/11/27,70.9333333,-8.6666667,9,"JAN MAYEN NOR NAVY, NO",40.7,23,40.1,23,995.8,23,994.7,23,0.3,4,10.9,23,17.7,22.9,41.7, ,39.2, ,0.11,G,999.9,10000
1001099999,2022/11/28,70.9333333,-8.6666667,9,"JAN MAYEN NOR NAVY, NO",39.1,22,37.3,22,995.2,22,994.1,22,999.9,0,17.4,22,29.9,40.6,42.1, ,34, ,0.26,G,999.9,10000
1001099999,2022/11/29,70.9333333,-8.6666667,9,"JAN MAYEN NOR NAVY, NO",36.4,23,32,23,1012.7,23,11.5,23,10.6,4,10.5,23,20.2,30.3,37.8, ,33.8, ,0.1,G,999.9,10000
1001099999,2022/11/30,70.9333333,-8.6666667,9,"JAN MAYEN NOR NAVY, NO",37.4,23,36.1,23,1018.3,23,17.1,23,4.9,4,11,23,18.1,23.3,40.1, ,33.3, ,0.01,G,999.9,10000
1001099999,2022/12/1,70.9333333,-8.6666667,9,"JAN MAYEN NOR NAVY, NO",40.8,23,39.3,23,1011.1,23,9.9,23,2.5,4,19.9,23,24.7,33.8,42.3, ,38.8, ,0.02,G,999.9,10000
1001099999,2022/12/2,70.9333333,-8.6666667,9,"JAN MAYEN NOR NAVY, NO",38.8,23,37.9,23,1015.3,23,14.1,23,0.7,4,5.9,23,17.5,22.3,40.1, ,38.1, ,0.25,G,999.9,110000
1001099999,2022/12/3,70.9333333,-8.6666667,9,"JAN MAYEN NOR NAVY, NO",32.4,23,29.8,23,1027.6,23,26.4,23,3.3,4,17.4,23,27,35,38.8, ,29.3, ,0.07,G,999.9,11000
1001099999,2022/12/4,70.9333333,-8.6666667,9,"JAN MAYEN NOR NAVY, NO",32.4,24,28.5,24,1024.6,24,23.4,24,3.1,4,12,24,27.6,39.6,37.8, ,27, ,0.01,G,999.9,11000
1001099999,2022/12/5,70.9333333,-8.6666667,9,"JAN MAYEN NOR NAVY, NO",27.7,22,17.3,22,1038.1,22,36.9,22,18.6,4,22.1,22,30.9,45.1,33.4, ,24.6, ,0.02,G,999.9,0
1001099999,2022/12/6,70.9333333,-8.6666667,9,"JAN MAYEN NOR NAVY, NO",20.6,23,11.2,23,1039.3,23,38.1,23,7.5,4,19.3,23,27.8,36.9,25.9, ,17.4, ,0.02,G,999.9,1000
1001099999,2022/12/7,70.9333333,-8.6666667,9,"JAN MAYEN NOR NAVY, NO",20.1,23,12,23,1035.8,23,34.5,23,8.1,4,18.3,23,21.2,33.4,23.5, ,16.7, ,0.01,G,999.9,1000
1001099999,2022/12/8,70.9333333,-8.6666667,9,"JAN MAYEN NOR NAVY, NO",28,23,23.3,23,1033.5,23,32.3,23,8.4,4,21.5,23,27,41.2,32.9,*,20.1, ,0.01,G,999.9,10000
1001099999,2022/12/9,70.9333333,-8.6666667,9,"JAN MAYEN NOR NAVY, NO",30.6,23,26,23,1036.6,23,35.4,23,10.3,4,16,23,24.5,37.1,34.2, ,26.6, ,0.02,G,999.9,1000
1001099999,2022/12/10,70.9333333,-8.6666667,9,"JAN MAYEN NOR NAVY, NO",29.7,23,24,23,1032,23,30.8,23,26.4,4,17.5,23,27.4,33.2,31.1, ,25.3, ,0.01,G,999.9,0
1001099999,2022/12/11,70.9333333,-8.6666667,9,"JAN MAYEN NOR NAVY, NO",27.9,24,22.4,24,1031.8,24,30.6,24,31.1,4,4.5,24,17.9,26.4,30.9, ,24.1, ,0.01,G,999.9,0
1001099999,2022/12/12,70.9333333,-8.6666667,9,"JAN MAYEN NOR NAVY, NO",27.1,23,20.7,23,1026.3,23,25.1,23,12.5,4,16.5,23,28.9,49.5,33.1, ,16, ,0,G,999.9,1000
1001099999,2022/12/13,70.9333333,-8.6666667,9,"JAN MAYEN NOR NAVY, NO",20.8,22,10.6,22,1028.1,22,26.9,22,9.6,4,21.4,22,26,43.7,23.2, ,16, ,0.01,G,999.9,1000
1001099999,2022/12/14,70.9333333,-8.6666667,9,"JAN MAYEN NOR NAVY, NO",19.7,23,10.7,23,1026.5,23,25.3,23,6.2,4,15.6,23,21.2,34,22.5, ,16.3, ,0.02,G,999.9,1000
1001099999,2022/12/15,70.9333333,-8.6666667,9,"JAN MAYEN NOR NAVY, NO",15.3,22,6,22,1018.5,22,17.3,22,3.2,4,15.8,22,19.8,29.9,18.5, ,12.7, ,0.04,G,999.9,1000
1001099999,2022/12/16,70.9333333,-8.6666667,9,"JAN MAYEN NOR NAVY, NO",17.3,21,8.9,21,1012.5,21,11.3,21,3.3,4,15.4,21,20,31.3,19.6, ,14.5, ,0.04,G,999.9,1000
1001099999,2022/12/17,70.9333333,-8.6666667,9,"JAN MAYEN NOR NAVY, NO",14.6,24,5.9,24,1016.5,24,15.3,24,2.5,4,15.7,24,20.2,30.7,17.1, ,11.7, ,0.05,G,999.9,1000
1001099999,2022/12/18,70.9333333,-8.6666667,9,"JAN MAYEN NOR NAVY, NO",15.2,24,7.3,24,1021.8,24,20.6,24,0.2,4,19,24,24.5,35.7,17.2, ,12, ,0.04,G,999.9,1000
1001099999,2022/12/19,70.9333333,-8.6666667,9,"JAN MAYEN NOR NAVY, NO",18.3,24,9.9,24,1023.2,24,22,24,1.5,4,18.4,24,27.8,34.2,25.3, ,14.4, ,0.04,G,999.9,1000
1001099999,2022/12/20,70.9333333,-8.6666667,9,"JAN MAYEN NOR NAVY, NO",24.9,24,19.7,24,1016.7,24,15.5,24,1.6,4,27.2,24,31.5,43.3,26.4, ,20.3, ,0.01,G,999.9,1000
1001099999,2022/12/21,70.9333333,-8.6666667,9,"JAN MAYEN NOR NAVY, NO",22.5,23,14.6,23,1017.6,23,16.4,23,2.7,4,21.4,23,26.6,39,26.4, ,18.7, ,0.04,G,999.9,1000
1001099999,2022/12/22,70.9333333,-8.6666667,9,"JAN MAYEN NOR NAVY, NO",16.7,24,7.4,24,1017.9,24,16.7,24,6.1,4,22,24,28.7,43.3,20.8, ,11.1, ,0.01,G,999.9,1000
1001099999,2022/12/23,70.9333333,-8.6666667,9,"JAN MAYEN NOR NAVY, NO",17.8,24,13.2,24,1010.4,24,9.2,24,0.1,4,26.2,24,33,50.7,26.8, ,10.9, ,0.05,G,999.9,1000
1001099999,2022/12/24,70.9333333,-8.6666667,9,"JAN MAYEN NOR NAVY, NO",19.1,24,11.9,24,1014.2,24,13,24,4.2,4,21.5,24,28.6,44.3,26.6, ,15.4, ,0.11,G,999.9,1000
1001099999,2022/12/25,70.9333333,-8.6666667,9,"JAN MAYEN NOR NAVY, NO",14.2,24,5.6,24,1015.4,24,14.2,24,16.3,4,17.3,24,20.4,30.9,16.5, ,12.6, ,0.02,G,999.9,1000
1001099999,2022/12/26,70.9333333,-8.6666667,9,"JAN MAYEN NOR NAVY, NO",14.9,24,9.7,24,1004.8,24,3.6,24,0.2,4,22.2,24,27.8,40.2,18.1, ,10.6, ,0.01,G,999.9,1000
1001099999,2022/12/27,70.9333333,-8.6666667,9,"JAN MAYEN NOR NAVY, NO",10,24,5,24,999.6,24,998.4,24,0.1,4,16.7,24,24.3,44.5,14.9, ,7.5, ,0.17,G,999.9,1000
1001099999,2022/12/28,70.9333333,-8.6666667,9,"JAN MAYEN NOR NAVY, NO",13,24,5.7,24,995.7,24,994.5,24,2.2,4,18.2,24,23.3,42.2,14.4, ,11.5, ,0.15,G,999.9,1000
1001099999,2022/12/29,70.9333333,-8.6666667,9,"JAN MAYEN NOR NAVY, NO",12.1,24,2.9,24,995.3,24,994.1,24,4.6,4,15.1,24,24.1,35,13.8, ,10.9, ,0.02,G,999.9,1000
1001099999,2022/12/30,70.9333333,-8.6666667,9,"JAN MAYEN NOR NAVY, NO",18.4,24,14.3,24,982.2,24,981,24,0.5,4,32.6,24,38.1,59.1,23.5, ,11.3, ,0.02,G,999.9,1000
1001099999,2022/12/31,70.9333333,-8.6666667,9,"JAN MAYEN NOR NAVY, NO",16.1,24,13.4,24,970.5,24,969.3,24,0,4,36.7,24,44.5,62.7,23.5, ,12.7, ,0.74,G,999.9,1000
1001499999,2022/1/2,59.791925,5.34085,48.76,"SORSTOKKEN, NO",44.6,8,44.6,8,9999.9,0,999.9,0,6.1,8,9.5,8,13,999.9,9999.9, ,9999.9, ,99.99, ,999.9,10000
1001499999,2022/1/3,59.791925,5.34085,48.76,"SORSTOKKEN, NO",43.5,8,43,8,9999.9,0,999.9,0,5.2,8,12.6,8,23.3,32.1,44.6,*,37.4,*,99.99, ,999.9,10000
1001499999,2022/1/4,59.791925,5.34085,48.76,"SORSTOKKEN, NO",38.2,7,36.6,7,9999.9,0,999.9,0,6.2,7,10.2,7,14,26,39.2,*,37.4,*,99.99, ,999.9,10000
1001499999,2022/1/5,59.791925,5.34085,48.76,"SORSTOKKEN, NO",36.6,9,29.2,9,9999.9,0,999.9,0,6.2,9,16.2,9,22,28.9,37.4,*,35.6,*,0,I,999.9,0
1001499999,2022/1/6,59.791925,5.34085,48.76,"SORSTOKKEN, NO",33.4,13,28,13,9999.9,0,999.9,0,6.2,13,10.5,13,14,999.9,35.6,*,32,*,0,I,999.9,0
1001499999,2022/1/7,59.791925,5.34085,48.76,"SORSTOKKEN, NO",38,13,36.8,13,9999.9,0,999.9,0,6.2,13,12.9,13,15.9,999.9,39.2,*,37.4,*,99.99, ,999.9,10000
1001499999,2022/1/9,59.791925,5.34085,48.76,"SORSTOKKEN, NO",39.2,8,21,8,9999.9,0,999.9,0,6.2,8,7.3,8,9.9,999.9,9999.9, ,9999.9, ,0,I,999.9,0
1001499999,2022/1/10,59.791925,5.34085,48.76,"SORSTOKKEN, NO",40.7,13,24.8,13,9999.9,0,999.9,0,6.2,13,15.6,13,21,35,41,*,39.2,*,0,I,999.9,0
1001499999,2022/1/11,59.791925,5.34085,48.76,"SORSTOKKEN, NO",41.3,12,41.3,12,9999.9,0,999.9,0,6.1,12,6.9,12,12,22,42.8,*,37.4,*,99.99, ,999.9,10000
1001499999,2022/1/12,59.791925,5.34085,48.76,"SORSTOKKEN, NO",45.9,10,45.9,10,9999.9,0,999.9,0,2.5,10,12.8,10,19,28.9,46.4,*,44.6,*,99.99, ,999.9,10000
1001499999,2022/1/13,59.791925,5.34085,48.76,"SORSTOKKEN, NO",45.4,12,45.4,12,9999.9,0,999.9,0,2.8,12,13.5,12,17.1,26,46.4,*,44.6,*,99.99, ,999.9,10000
1001499999,2022/1/14,59.791925,5.34085,48.76,"SORSTOKKEN, NO",40.4,12,28.7,12,9999.9,0,999.9,0,6.2,12,14.8,12,38.9,58.3,42.8,*,37.4,*,0,I,999.9,0
1001499999,2022/1/16,59.791925,5.34085,48.76,"SORSTOKKEN, NO",40.5,8,37.6,8,9999.9,0,999.9,0,6.2,8,15.9,8,24.1,39,42.8,*,39.2,*,99.99, ,999.9,10000
1001499999,2022/1/17,59.791925,5.34085,48.76,"SORSTOKKEN, NO",37.6,11,28.6,11,9999.9,0,999.9,0,6.2,11,16.2,11,28,39,39.2,*,33.8,*,99.99, ,999.9,1000
1001499999,2022/1/18,59.791925,5.34085,48.76,"SORSTOKKEN, NO",41.3,7,41,7,9999.9,0,999.9,0,6.2,7,12.3,7,15.9,999.9,42.8,*,41,*,0,I,999.9,0
1001499999,2022/1/20,59.791925,5.34085,48.76,"SORSTOKKEN, NO",32.4,5,29.5,5,9999.9,0,999.9,0,6.1,5,13.2,5,15,999.9,33.8,*,30.2,*,99.99, ,999.9,1000
1001499999,2022/1/21,59.791925,5.34085,48.76,"SORSTOKKEN, NO",44.2,5,44.2,5,9999.9,0,999.9,0,3.1,5,8.4,5,12,999.9,44.6,*,42.8,*,99.99, ,999.9,110000
1001499999,2022/1/23,59.791925,5.34085,48.76,"SORSTOKKEN, NO",43.5,5,43.5,5,9999.9,0,999.9,0,5.6,5,8.6,5,11.1,999.9,44.6,*,42.8,*,99.99, ,999.9,10000
1001499999,2022/1/24,59.791925,5.34085,48.76,"SORSTOKKEN, NO",44.6,7,44.3,7,9999.9,0,999.9,0,5.3,7,13.1,7,19.4,999.9,9999.9, ,9999.9, ,99.99, ,999.9,10000
1001499999,2022/1/25,59.791925,5.34085,48.76,"SORSTOKKEN, NO",40,12,40,12,9999.9,0,999.9,0,5.3,12,8.4,12,11.1,999.9,42.8,*,37.4,*,99.99, ,999.9,10000
1001499999,2022/1/26,59.791925,5.34085,48.76,"SORSTOKKEN, NO",41.2,11,41,11,9999.9,0,999.9,0,6.2,10,8.5,10,13,999.9,42.8,*,37.4,*,99.99, ,999.9,10000
1001499999,2022/1/27,59.791925,5.34085,48.76,"SORSTOKKEN, NO",40.9,12,38.3,12,9999.9,0,999.9,0,6.2,12,28.2,12,35,49.9,42.8,*,39.2,*,99.99, ,999.9,10000
1001499999,2022/1/28,59.791925,5.34085,48.76,"SORSTOKKEN, NO",37.2,11,34.5,11,9999.9,0,999.9,0,5.2,11,10.2,11,17.1,27,41,*,35.6,*,99.99, ,999.9,10000
1001499999,2022/1/30,59.791925,5.34085,48.76,"SORSTOKKEN, NO",36.6,7,28.9,7,9999.9,0,999.9,0,6.2,7,9.9,7,15,999.9,39.2,*,33.8,*,99.99, ,999.9,1000
1001499999,2022/1/31,59.791925,5.34085,48.76,"SORSTOKKEN, NO",33.9,13,27.4,13,9999.9,0,999.9,0,5.3,13,9.7,13,22.9,33,35.6,*,32,*,99.99, ,999.9,11000
1001499999,2022/2/1,59.791925,5.34085,48.76,"SORSTOKKEN, NO",37.8,14,37.5,14,9999.9,0,999.9,0,5.1,14,12.9,14,22.9,42,41,*,32,*,99.99, ,999.9,11000
1001499999,2022/2/2,59.791925,5.34085,48.76,"SORSTOKKEN, NO",35,12,33,12,9999.9,0,999.9,0,5.6,12,7.7,12,29.9,40,35.6,*,33.8,*,99.99, ,999.9,11000
1001499999,2022/2/3,59.791925,5.34085,48.76,"SORSTOKKEN, NO",41.4,12,41.4,12,9999.9,0,999.9,0,3.2,12,13.8,12,18.1,999.9,42.8,*,39.2,*,99.99, ,999.9,10000
1001499999,2022/2/4,59.791925,5.34085,48.76,"SORSTOKKEN, NO",36.9,7,34.8,7,9999.9,0,999.9,0,6.2,7,12,7,15.9,22,39.2,*,35.6,*,99.99, ,999.9,11000
1001499999,2022/2/6,59.791925,5.34085,48.76,"SORSTOKKEN, NO",34.5,8,33.4,8,9999.9,0,999.9,0,5.8,8,7.7,8,20,32.1,35.6,*,33.8,*,99.99, ,999.9,1000
1001499999,2022/2/7,59.791925,5.34085,48.76,"SORSTOKKEN, NO",38.9,13,38.8,13,9999.9,0,999.9,0,6.2,13,8.6,13,24.1,39,42.8,*,35.6,*,99.99, ,999.9,10000
1001499999,2022/2/8,59.791925,5.34085,48.76,"SORSTOKKEN, NO",40.3,12,38.5,12,9999.9,0,999.9,0,6.2,11,11.9,11,22,42,41,*,37.4,*,99.99, ,999.9,10100
1001499999,2022/2/9,59.791925,5.34085,48.76,"SORSTOKKEN, NO",37.7,12,35.8,12,9999.9,0,999.9,0,6.2,6,17,10,22.9,42,41,*,33.8,*,99.99, ,999.9,11100
1001499999,2022/2/10,59.791925,5.34085,48.76,"SORSTOKKEN, NO",35.6,10,35.2,10,9999.9,0,999.9,0,6.2,10,7.8,10,17.1,999.9,37.4,*,33.8,*,99.99, ,999.9,11000
1001499999,2022/2/11,59.791925,5.34085,48.76,"SORSTOKKEN, NO",33,12,31.1,12,9999.9,0,999.9,0,5.5,12,8,12,18.1,22,37.4,*,28.4,*,99.99, ,999.9,11000
1001499999,2022/2/13,59.791925,5.34085,48.76,"SORSTOKKEN, NO",44.3,6,44.3,6,9999.9,0,999.9,0,6.2,5,12.1,6,17.5,999.9,44.6,*,42.8,*,99.99, ,999.9,10000
1001499999,2022/2/14,59.791925,5.34085,48.76,"SORSTOKKEN, NO",41.1,13,40.3,13,9999.9,0,999.9,0,6.2,13,3.9,13,7,999.9,42.8,*,39.2,*,99.99, ,999.9,10000
1001499999,2022/2/15,59.791925,5.34085,48.76,"SORSTOKKEN, NO",38.8,12,34.7,12,9999.9,0,999.9,0,6.2,12,9.6,12,14,999.9,41,*,35.6,*,99.99, ,999.9,10000
1001499999,2022/2/16,59.791925,5.34085,48.76,"SORSTOKKEN, NO",39,12,36.3,12,9999.9,0,999.9,0,6.2,12,7.3,12,15.5,21,41,*,37.4,*,99.99, ,999.9,10000
1001499999,2022/2/17,59.791925,5.34085,48.76,"SORSTOKKEN, NO",36.9,7,36.9,7,9999.9,0,999.9,0,6.2,7,7,7,15.9,28,39.2,*,35.6,*,99.99, ,999.9,11000
1001499999,2022/2/18,59.791925,5.34085,48.76,"SORSTOKKEN, NO",36.7,12,33.7,12,9999.9,0,999.9,0,6.2,12,4.7,12,8.9,999.9,37.4,*,35.6,*,0,I,999.9,0
1001499999,2022/2/20,59.791925,5.34085,48.76,"SORSTOKKEN, NO",35.4,8,33.8,8,9999.9,0,999.9,0,5.7,8,18.5,8,22.9,32.1,37.4,*,33.8,*,99.99, ,999.9,11000
1001499999,2022/2/21,59.791925,5.34085,48.76,"SORSTOKKEN, NO",37.3,13,34.8,13,9999.9,0,999.9,0,6.2,13,11.1,13,26,35.9,41,*,33.8,*,99.99, ,999.9,10000
1001499999,2022/2/22,59.791925,5.34085,48.76,"SORSTOKKEN, NO",33.3,12,29.3,12,9999.9,0,999.9,0,4.8,12,14.6,12,22.9,32.1,37.4,*,32,*,99.99, ,999.9,11000
1001499999,2022/2/23,59.791925,5.34085,48.76,"SORSTOKKEN, NO",42.2,12,40.5,12,9999.9,0,999.9,0,5.8,11,17.2,11,24.1,48,44.6,*,35.6,*,99.99, ,999.9,11000
1001499999,2022/2/24,59.791925,5.34085,48.76,"SORSTOKKEN, NO",40.3,12,31,12,9999.9,0,999.9,0,6.2,12,12,12,14,27,42.8,*,37.4,*,99.99, ,999.9,1000
1001499999,2022/2/25,59.791925,5.34085,48.76,"SORSTOKKEN, NO",41,12,31.4,12,9999.9,0,999.9,0,6.2,12,20.4,12,27,40,42.8,*,37.4,*,99.99, ,999.9,10000
1001499999,2022/2/27,59.791925,5.34085,48.76,"SORSTOKKEN, NO",44.6,7,31.5,7,9999.9,0,999.9,0,6.2,7,17.6,7,20,31.1,46.4,*,42.8,*,0,I,999.9,0
1001499999,2022/2/28,59.791925,5.34085,48.76,"SORSTOKKEN, NO",43,12,30.2,12,9999.9,0,999.9,0,6.2,12,20.1,12,24.1,36.9,44.6,*,41,*,99.99, ,999.9,10000
1001499999,2022/3/1,59.791925,5.34085,48.76,"SORSTOKKEN, NO",42.3,16,39.3,16,9999.9,0,999.9,0,6.2,16,7.2,16,11.1,999.9,46.4,*,37.4,*,0,I,999.9,0
1001499999,2022/3/2,59.791925,5.34085,48.76,"SORSTOKKEN, NO",43.4,12,41.5,12,9999.9,0,999.9,0,6.2,12,5.1,12,7,999.9,46.4,*,41,*,0,I,999.9,0
1001499999,2022/3/3,59.791925,5.34085,48.76,"SORSTOKKEN, NO",45.2,13,26.7,13,9999.9,0,999.9,0,6.2,13,8.4,13,12,999.9,50,*,37.4,*,0,I,999.9,0
1001499999,2022/3/4,59.791925,5.34085,48.76,"SORSTOKKEN, NO",42.2,12,26,12,9999.9,0,999.9,0,6.2,12,6.5,12,8.9,999.9,48.2,*,35.6,*,0,I,999.9,0
1001499999,2022/3/6,59.791925,5.34085,48.76,"SORSTOKKEN, NO",40.7,6,34.1,6,9999.9,0,999.9,0,6.2,6,8.2,6,12,999.9,42.8,*,37.4,*,0,I,999.9,0
1001499999,2022/3/7,59.791925,5.34085,48.76,"SORSTOKKEN, NO",39.1,14,34.2,14,9999.9,0,999.9,0,6.2,14,5.9,14,8.9,999.9,42.8,*,33.8,*,0,I,999.9,0
1001499999,2022/3/8,59.791925,5.34085,48.76,"SORSTOKKEN, NO",40.3,16,25.7,16,9999.9,0,999.9,0,6.2,16,6.9,16,9.9,999.9,48.2,*,30.2,*,0,I,999.9,0
1001499999,2022/3/9,59.791925,5.34085,48.76,"SORSTOKKEN, NO",48.2,12,24,12,9999.9,0,999.9,0,6.2,12,18.5,12,22,38.1,51.8,*,44.6,*,0,I,999.9,0
1001499999,2022/3/10,59.791925,5.34085,48.76,"SORSTOKKEN, NO",50,13,27.2,13,9999.9,0,999.9,0,6.2,13,19.7,13,31.1,50.5,53.6,*,46.4,*,0,I,999.9,0
1001499999,2022/3/11,59.791925,5.34085,48.76,"SORSTOKKEN, NO",51.3,11,18.7,11,9999.9,0,999.9,0,6.2,11,18.2,11,22.9,33,55.4,*,46.4,*,0,I,999.9,0
1001499999,2022/3/13,59.791925,5.34085,48.76,"SORSTOKKEN, NO",49.7,7,19.1,7,9999.9,0,999.9,0,6.2,7,17.1,7,21,31.1,51.8,*,48.2,*,0,I,999.9,0
1001499999,2022/3/14,59.791925,5.34085,48.76,"SORSTOKKEN, NO",50,7,17.6,7,9999.9,0,999.9,0,6.2,7,13.6,7,15.9,999.9,55.4,*,46.4,*,0,I,999.9,0
1001499999,2022/3/15,59.791925,5.34085,48.76,"SORSTOKKEN, NO",42.1,15,36.8,15,9999.9,0,999.9,0,5.4,15,8.5,15,12,999.9,44.6,*,39.2,*,99.99, ,999.9,10000
1001499999,2022/3/16,59.791925,5.34085,48.76,"SORSTOKKEN, NO",48.5,6,38.9,6,9999.9,0,999.9,0,6.2,6,18.8,6,31.1,50.5,50,*,46.4,*,0,I,999.9,0
1001499999,2022/3/17,59.791925,5.34085,48.76,"SORSTOKKEN, NO",41.4,13,37.1,13,9999.9,0,999.9,0,6.2,13,10.6,13,19,29.9,46.4,*,39.2,*,99.99, ,999.9,10000
1001499999,2022/3/18,59.791925,5.34085,48.76,"SORSTOKKEN, NO",44.9,11,36.9,11,9999.9,0,999.9,0,6.2,11,7.7,11,9.9,19,50,*,41,*,0,I,999.9,0
1001499999,2022/3/20,59.791925,5.34085,48.76,"SORSTOKKEN, NO",47,6,25.7,6,9999.9,0,999.9,0,6.2,6,7.8,6,15,999.9,53.6,*,39.2,*,0,I,999.9,0
1001499999,2022/3/21,59.791925,5.34085,48.76,"SORSTOKKEN, NO",46.5,13,20.8,13,9999.9,0,999.9,0,6.2,13,10.1,13,15,999.9,51.8,*,39.2,*,0,I,999.9,0
1001499999,2022/3/22,59.791925,5.34085,48.76,"SORSTOKKEN, NO",43.3,15,35.7,15,9999.9,0,999.9,0,6.2,15,5.6,15,9.9,999.9,48.2,*,39.2,*,0,I,999.9,0
1001499999,2022/3/23,59.791925,5.34085,48.76,"SORSTOKKEN, NO",44.9,12,31.9,12,9999.9,0,999.9,0,6.2,12,6.7,12,9.9,999.9,48.2,*,41,*,0,I,999.9,0
1001499999,2022/3/24,59.791925,5.34085,48.76,"SORSTOKKEN, NO",49,11,37.9,11,9999.9,0,999.9,0,6,11,8,11,13,999.9,55.4,*,42.8,*,99.99, ,999.9,10000
1001499999,2022/3/25,59.791925,5.34085,48.76,"SORSTOKKEN, NO",44.8,11,44.6,11,9999.9,0,999.9,0,2.1,11,9.3,11,15,24.1,46.4,*,44.6,*,99.99, ,999.9,10000
1001499999,2022/3/27,59.791925,5.34085,48.76,"SORSTOKKEN, NO",44.4,8,44.4,8,9999.9,0,999.9,0,6.2,8,6.2,8,8.9,999.9,46.4,*,42.8,*,0,I,999.9,0
1001499999,2022/3/28,59.791925,5.34085,48.76,"SORSTOKKEN, NO",42.8,14,36.5,14,9999.9,0,999.9,0,6.2,14,19.5,14,24.1,32.1,44.6,*,41,*,99.99, ,999.9,10000
1001499999,2022/3/29,59.791925,5.34085,48.76,"SORSTOKKEN, NO",37,16,30.2,16,9999.9,0,999.9,0,6.1,16,10.9,16,17.1,999.9,42.8,*,32,*,99.99, ,999.9,11000
1001499999,2022/3/30,59.791925,5.34085,48.76,"SORSTOKKEN, NO",40.4,12,18,12,9999.9,0,999.9,0,6.2,12,6.3,12,15,999.9,44.6,*,33.8,*,0,I,999.9,0
1001499999,2022/3/31,59.791925,5.34085,48.76,"SORSTOKKEN, NO",39.5,12,21.6,12,9999.9,0,999.9,0,6.2,12,6.2,12,14,999.9,42.8,*,32,*,0,I,999.9,0
1001499999,2022/4/1,59.791925,5.34085,48.76,"SORSTOKKEN, NO",40.3,11,23.2,11,9999.9,0,999.9,0,6.2,11,5.8,11,8.9,999.9,44.6,*,33.8,*,0,I,999.9,0
1001499999,2022/4/3,59.791925,5.34085,48.76,"SORSTOKKEN, NO",40.3,8,40.3,8,9999.9,0,999.9,0,3.6,7,5.7,8,15.9,999.9,44.6,*,39.2,*,99.99, ,999.9,10000
1001499999,2022/4/4,59.791925,5.34085,48.76,"SORSTOKKEN, NO",39.2,12,35.2,12,9999.9,0,999.9,0,5.4,12,17.6,12,28,41,41,*,37.4,*,99.99, ,999.9,10000
1001499999,2022/4/5,59.791925,5.34085,48.76,"SORSTOKKEN, NO",38.1,15,30,15,9999.9,0,999.9,0,5.9,14,11.6,15,18.1,28.9,42.8,*,32,*,99.99, ,999.9,11000
1001499999,2022/4/6,59.791925,5.34085,48.76,"SORSTOKKEN, NO",41.2,10,13.8,10,9999.9,0,999.9,0,6.2,9,7.9,10,15.5,999.9,42.8,*,37.4,*,0,I,999.9,0
1001499999,2022/4/7,59.791925,5.34085,48.76,"SORSTOKKEN, NO",40.8,12,21.5,12,9999.9,0,999.9,0,6.2,12,10.1,12,17.1,999.9,44.6,*,37.4,*,0,I,999.9,0
1001499999,2022/4/8,59.791925,5.34085,48.76,"SORSTOKKEN, NO",39.9,10,24,9,9999.9,0,999.9,0,6.2,10,15.5,10,28,36.9,42.8,*,33.8,*,0,I,999.9,0
1001499999,2022/4/10,59.791925,5.34085,48.76,"SORSTOKKEN, NO",40.8,8,32.5,8,9999.9,0,999.9,0,6.2,8,19.1,8,24.1,999.9,42.8,*,39.2,*,99.99, ,999.9,10000
1001499999,2022/4/11,59.791925,5.34085,48.76,"SORSTOKKEN, NO",36.4,7,33.3,7,9999.9,0,999.9,0,6.2,7,4.1,7,8,20,39.2,*,33.8,*,99.99, ,999.9,10000
1001499999,2022/4/12,59.791925,5.34085,48.76,"SORSTOKKEN, NO",44,13,25.8,13,9999.9,0,999.9,0,6.2,13,6.7,13,11.1,999.9,50,*,37.4,*,0,I,999.9,0
1001499999,2022/4/13,59.791925,5.34085,48.76,"SORSTOKKEN, NO",42.3,11,40.7,11,9999.9,0,999.9,0,5.6,11,8.6,11,14,24.1,42.8,*,41,*,99.99, ,999.9,10000
1001499999,2022/4/17,59.791925,5.34085,48.76,"SORSTOKKEN, NO",55,4,39.2,4,9999.9,0,999.9,0,6.2,4,6,4,9.9,999.9,55.4,*,53.6,*,0,I,999.9,0
1001499999,2022/4/18,59.791925,5.34085,48.76,"SORSTOKKEN, NO",57.2,9,28.2,9,9999.9,0,999.9,0,6.2,9,9.5,9,14,22,60.8,*,50,*,0,I,999.9,0
1001499999,2022/4/19,59.791925,5.34085,48.76,"SORSTOKKEN, NO",53.8,16,33.1,16,9999.9,0,999.9,0,6.2,11,4.5,16,7,999.9,60.8,*,44.6,*,0,I,999.9,0
1001499999,2022/4/20,59.791925,5.34085,48.76,"SORSTOKKEN, NO",55.6,11,37.9,11,9999.9,0,999.9,0,6.2,11,5.5,11,9.9,999.9,60.8,*,44.6,*,0,I,999.9,0
1001499999,2022/4/21,59.791925,5.34085,48.76,"SORSTOKKEN, NO",61.2,13,37.7,13,9999.9,0,999.9,0,6.2,13,6.1,13,13.6,999.9,66.2,*,53.6,*,0,I,999.9,0
1001499999,2022/4/22,59.791925,5.34085,48.76,"SORSTOKKEN, NO",61.5,11,35.3,11,9999.9,0,999.9,0,6.2,11,5.9,11,9.9,999.9,68,*,50,*,0,I,999.9,0
1001499999,2022/4/24,59.791925,5.34085,48.76,"SORSTOKKEN, NO",51.4,8,33.6,8,9999.9,0,999.9,0,6.2,8,9.7,8,11.1,999.9,55.4,*,46.4,*,0,I,999.9,0
1001499999,2022/4/25,59.791925,5.34085,48.76,"SORSTOKKEN, NO",43.6,9,40.8,9,9999.9,0,999.9,0,5.6,9,4.4,9,8.9,999.9,50,*,37.4,*,0,I,999.9,0
1001499999,2022/4/26,59.791925,5.34085,48.76,"SORSTOKKEN, NO",48.7,15,40.4,15,9999.9,0,999.9,0,6.2,15,7.1,15,13,999.9,55.4,*,39.2,*,0,I,999.9,0
1001499999,2022/4/27,59.791925,5.34085,48.76,"SORSTOKKEN, NO",45.7,11,33.6,11,9999.9,0,999.9,0,6.2,11,13.8,11,22,999.9,48.2,*,42.8,*,0,I,999.9,0
1001499999,2022/4/28,59.791925,5.34085,48.76,"SORSTOKKEN, NO",45.7,15,38.8,15,9999.9,0,999.9,0,6.2,15,9.8,15,15,999.9,50,*,41,*,99.99, ,999.9,10000
1001499999,2022/4/29,59.791925,5.34085,48.76,"SORSTOKKEN, NO",46.1,14,40.6,14,9999.9,0,999.9,0,6.2,14,5.5,14,15,999.9,50,*,41,*,99.99, ,999.9,10000
