time,temperature_2m_max,temperature_2m_min,temperature_2m_mean,precipitation_sum,rain_sum,snowfall_sum,windspeed_10m_max,windgusts_10m_max,winddirection_10m_dominant,weathercode,shortwave_radiation_sum
2024-01-01,-6.5,-19.6,-12.2,0.0,0.0,0.0,7.21,12.5,210,3.0,6.28
2024-01-02,-2.7,-13.0,-8.6,0.0,0.0,0.0,3.11,5.5,219,3.0,7.4
2024-01-03,-6.5,-11.9,-10.3,0.0,0.0,0.0,4.97,8.5,219,3.0,7.6
2024-01-04,0.8,-12.2,-4.9,0.2,0.0,0.14,9.9,17.7,215,71.0,6.95
2024-01-05,-7.3,-16.9,-12.4,0.0,0.0,0.0,5.92,8.6,280,2.0,7.8
2024-01-06,-7.4,-18.0,-13.5,0.0,0.0,0.0,4.97,9.4,263,1.0,7.75
2024-01-07,-13.7,-19.7,-17.0,0.0,0.0,0.0,4.19,9.0,285,2.0,7.83
2024-01-08,-6.7,-19.4,-12.9,0.0,0.0,0.0,7.77,14.9,210,3.0,6.97
2024-01-09,-9.2,-19.6,-14.6,0.0,0.0,0.0,4.19,7.8,315,0.0,8.13
2024-01-10,-5.8,-17.9,-11.4,0.0,0.0,0.0,8.92,15.5,212,2.0,7.97
2024-01-11,-6.0,-15.1,-8.6,0.4,0.0,0.28,7.16,12.2,258,71.0,6.35
2024-01-12,-6.8,-18.7,-13.3,0.0,0.0,0.0,4.34,8.2,283,3.0,8.27
2024-01-13,-7.9,-20.6,-13.4,0.0,0.0,0.0,5.86,10.4,188,3.0,6.56
2024-01-14,-7.8,-15.9,-11.2,0.0,0.0,0.0,6.93,12.1,294,3.0,8.65
2024-01-15,-7.8,-18.7,-14.8,0.0,0.0,0.0,3.42,6.9,263,1.0,8.77
2024-01-16,-2.3,-17.7,-9.7,0.0,0.0,0.0,7.94,13.1,205,0.0,8.74
2024-01-17,-0.4,-10.7,-4.9,0.0,0.0,0.0,7.68,13.2,249,3.0,6.66
2024-01-18,-7.0,-15.0,-11.7,0.0,0.0,0.0,3.54,7.0,19,3.0,8.86
2024-01-19,-8.0,-18.8,-14.0,0.0,0.0,0.0,5.24,9.3,29,3.0,8.88
2024-01-20,-13.2,-18.9,-16.4,0.6,0.0,0.42,6.71,12.4,31,71.0,5.76
2024-01-21,-17.6,-22.0,-19.3,0.1,0.0,0.07,5.5,10.1,357,71.0,6.92
2024-01-22,-17.2,-23.0,-20.6,0.0,0.0,0.0,5.55,10.9,346,3.0,8.8
2024-01-23,-13.7,-24.1,-18.7,0.0,0.0,0.0,3.61,7.3,280,3.0,7.44
2024-01-24,-10.0,-19.1,-15.8,0.0,0.0,0.0,5.06,9.8,322,2.0,9.45
2024-01-25,-5.5,-19.5,-13.2,0.0,0.0,0.0,3.97,7.9,225,0.0,9.45
2024-01-26,-5.7,-17.6,-12.0,0.0,0.0,0.0,3.81,7.4,260,0.0,9.71
2024-01-27,-6.5,-20.3,-14.0,0.0,0.0,0.0,2.14,4.8,268,1.0,9.79
2024-01-28,-3.8,-17.1,-11.4,0.0,0.0,0.0,5.3,10.4,224,0.0,9.86
2024-01-29,-8.8,-17.5,-14.2,0.0,0.0,0.0,2.68,6.9,32,0.0,9.9
2024-01-30,-8.2,-20.0,-14.4,3.4,0.0,2.38,3.7,7.4,49,73.0,7.47
2024-01-31,-12.8,-19.7,-16.4,0.8,0.0,0.56,4.57,8.0,321,71.0,10.68
2024-02-01,-13.9,-23.3,-19.0,0.0,0.0,0.0,2.75,6.3,285,1.0,10.91
2024-02-02,-9.3,-22.8,-17.2,0.0,0.0,0.0,2.4,5.6,277,1.0,10.89
2024-02-03,-9.7,-23.4,-17.0,0.0,0.0,0.0,2.13,5.3,34,1.0,11.13
2024-02-04,-6.7,-20.9,-14.7,0.0,0.0,0.0,2.8,5.9,252,1.0,11.3
2024-02-05,-9.9,-18.3,-14.9,0.0,0.0,0.0,4.88,9.5,36,2.0,8.73
2024-02-06,-8.5,-18.1,-14.3,0.0,0.0,0.0,3.06,6.9,351,3.0,8.89
2024-02-07,-4.2,-19.7,-12.4,0.0,0.0,0.0,3.61,7.3,247,0.0,11.62
2024-02-08,-2.6,-17.7,-11.1,0.0,0.0,0.0,2.72,5.3,260,1.0,11.85
2024-02-09,-1.9,-15.9,-10.2,0.0,0.0,0.0,3.0,7.7,241,1.0,11.38
2024-02-10,-3.5,-18.3,-11.0,0.0,0.0,0.0,3.79,7.6,246,2.0,12.09
2024-02-11,-2.3,-10.1,-7.2,0.0,0.0,0.0,4.52,8.0,228,3.0,12.16
2024-02-12,7.2,-8.8,0.5,0.0,0.0,0.0,11.26,20.0,207,0.0,12.23
2024-02-13,9.6,-1.0,5.0,0.0,0.0,0.0,10.61,18.0,231,3.0,12.08
2024-02-14,-0.2,-8.6,-2.9,0.1,0.0,0.07,5.84,10.6,336,71.0,8.13
2024-02-15,-2.9,-10.2,-7.4,0.0,0.0,0.0,4.61,9.8,296,0.0,13.31
2024-02-16,4.3,-9.9,-2.1,0.0,0.0,0.0,10.69,19.2,200,2.0,13.12
2024-02-17,7.8,0.1,3.6,0.0,0.0,0.0,11.03,19.5,205,2.0,11.0
2024-02-18,6.0,-7.0,2.3,6.3,3.5,1.96,8.91,15.3,220,73.0,2.37
2024-02-19,-6.5,-13.1,-8.6,2.0,0.0,1.4,5.83,10.7,329,73.0,10.04
2024-02-20,-12.6,-17.3,-14.5,0.0,0.0,0.0,4.79,9.1,322,3.0,11.46
2024-02-21,-10.1,-16.3,-13.2,0.0,0.0,0.0,4.4,8.9,328,1.0,14.24
2024-02-22,-7.6,-18.6,-13.1,0.0,0.0,0.0,3.71,7.7,353,1.0,14.6
2024-02-23,-4.6,-18.2,-11.3,0.0,0.0,0.0,3.01,6.8,32,2.0,14.97
2024-02-24,-2.0,-14.6,-8.2,0.0,0.0,0.0,2.6,5.1,70,3.0,13.6
2024-02-25,-1.2,-12.3,-7.0,0.0,0.0,0.0,4.85,9.4,359,2.0,15.18
2024-02-26,-4.4,-13.2,-9.6,0.0,0.0,0.0,2.86,7.0,11,1.0,15.73
2024-02-27,-0.7,-12.6,-6.4,0.8,0.0,0.56,4.16,7.9,171,71.0,8.62
2024-02-28,-4.6,-12.9,-6.9,0.3,0.0,0.21,3.41,7.3,322,71.0,10.89
2024-02-29,-6.7,-15.2,-11.0,0.0,0.0,0.0,7.71,14.1,271,2.0,16.02
2024-03-01,-7.9,-14.6,-11.8,0.0,0.0,0.0,7.48,13.8,270,2.0,15.6
2024-03-02,-6.3,-14.9,-10.9,0.0,0.0,0.0,5.08,9.9,253,2.0,16.71
2024-03-03,-3.6,-12.3,-8.4,0.2,0.0,0.14,5.58,11.4,258,71.0,16.63
2024-03-04,0.7,-11.8,-6.0,0.0,0.0,0.0,5.63,10.8,266,1.0,16.83
2024-03-05,1.3,-9.9,-5.3,0.0,0.0,0.0,4.96,9.8,290,2.0,16.97
2024-03-06,1.6,-12.8,-5.3,0.0,0.0,0.0,3.82,8.2,251,1.0,17.41
2024-03-07,2.3,-10.6,-3.8,0.0,0.0,0.0,5.22,10.7,260,2.0,16.38
2024-03-08,-2.4,-9.9,-5.5,0.3,0.0,0.21,6.84,13.5,340,71.0,15.17
2024-03-09,2.8,-11.5,-4.4,0.0,0.0,0.0,4.52,10.4,230,0.0,17.93
2024-03-10,7.1,-6.8,0.1,0.0,0.0,0.0,4.55,9.7,219,2.0,17.33
2024-03-11,6.8,-3.9,0.8,0.0,0.0,0.0,5.44,10.5,321,2.0,18.01
2024-03-12,6.6,-5.6,0.5,0.0,0.0,0.0,5.06,9.1,241,1.0,18.35
2024-03-13,7.3,-3.1,2.0,0.0,0.0,0.0,5.92,11.9,257,1.0,18.35
2024-03-14,11.6,-0.6,5.8,0.0,0.0,0.0,7.48,11.9,232,3.0,15.44
2024-03-15,8.9,-3.7,4.0,0.0,0.0,0.0,7.39,11.3,317,0.0,19.06
2024-03-16,9.3,-3.0,3.0,1.4,1.4,0.0,7.92,14.8,203,53.0,8.74
2024-03-17,2.8,-4.4,-0.9,0.2,0.0,0.14,8.97,15.5,315,71.0,19.77
2024-03-18,4.2,-4.5,0.1,0.0,0.0,0.0,6.19,11.0,287,2.0,19.6
2024-03-19,4.3,-6.2,-0.6,0.9,0.4,0.35,4.52,6.3,350,71.0,17.01
2024-03-20,2.8,-5.3,-1.1,0.0,0.0,0.0,5.19,10.9,306,3.0,14.75
2024-03-21,6.1,-7.0,0.3,0.0,0.0,0.0,3.91,6.7,139,0.0,20.34
2024-03-22,4.9,-0.8,2.0,4.8,4.8,0.0,7.03,11.4,159,53.0,7.04
2024-03-23,10.0,0.4,4.3,0.3,0.3,0.0,6.01,11.4,249,51.0,16.41
2024-03-24,5.8,-1.7,1.7,0.0,0.0,0.0,6.08,10.1,33,2.0,18.78
2024-03-25,10.0,-3.9,3.3,0.0,0.0,0.0,4.72,10.0,55,3.0,19.35
2024-03-26,12.2,-3.9,4.6,0.0,0.0,0.0,3.18,6.3,75,1.0,20.46
2024-03-27,15.2,0.7,8.2,2.0,2.0,0.0,11.05,18.4,193,53.0,14.3
2024-03-28,8.5,-0.2,6.2,2.0,2.0,0.0,10.33,18.7,231,53.0,18.78
2024-03-29,5.6,-0.9,2.4,0.0,0.0,0.0,9.7,17.7,253,2.0,19.55
2024-03-30,4.8,-3.1,0.7,0.0,0.0,0.0,9.0,14.2,263,3.0,18.77
2024-03-31,3.5,-4.8,-0.8,0.0,0.0,0.0,5.36,11.0,272,0.0,21.92
2024-04-01,6.1,-5.3,0.9,0.0,0.0,0.0,5.19,10.3,276,3.0,21.26
2024-04-02,14.8,-3.9,5.7,0.0,0.0,0.0,5.19,9.8,210,1.0,21.19
2024-04-03,12.1,-1.1,5.3,0.0,0.0,0.0,6.41,11.7,324,2.0,21.21
2024-04-04,11.3,-2.1,4.7,0.0,0.0,0.0,3.06,8.2,327,0.0,22.31
2024-04-05,14.7,-2.2,7.2,0.0,0.0,0.0,7.18,12.0,217,0.0,22.29
2024-04-06,18.4,6.3,11.7,0.0,0.0,0.0,9.39,15.9,244,3.0,19.08
2024-04-07,19.8,1.1,10.6,0.0,0.0,0.0,8.46,17.2,314,2.0,21.39
2024-04-08,5.8,-4.6,1.3,0.0,0.0,0.0,5.04,10.5,5,0.0,23.34
2024-04-09,11.4,-6.7,2.9,0.0,0.0,0.0,2.88,6.1,128,1.0,23.48
2024-04-10,17.2,-0.1,9.2,0.0,0.0,0.0,6.4,12.8,195,1.0,21.68
2024-04-11,20.0,7.9,14.0,0.0,0.0,0.0,7.13,13.6,201,1.0,18.64
2024-04-12,23.0,10.8,16.2,4.4,4.4,0.0,10.24,20.2,208,63.0,17.18
2024-04-13,24.0,12.2,17.9,0.2,0.2,0.0,7.98,14.4,211,51.0,20.01
2024-04-14,24.2,12.2,17.9,0.0,0.0,0.0,9.38,17.2,207,1.0,21.66
2024-04-15,14.3,8.6,12.7,10.9,10.9,0.0,5.33,7.9,214,61.0,3.82
2024-04-16,15.4,4.8,10.5,0.0,0.0,0.0,6.01,11.3,298,3.0,20.93
2024-04-17,23.4,3.2,14.4,0.0,0.0,0.0,4.27,9.5,203,1.0,23.18
2024-04-18,20.8,10.6,14.9,0.1,0.1,0.0,7.32,13.9,306,51.0,22.04
2024-04-19,16.3,5.3,11.5,0.0,0.0,0.0,4.65,8.8,18,2.0,22.34
2024-04-20,13.7,4.3,9.7,0.3,0.3,0.0,4.21,7.7,82,51.0,8.18
2024-04-21,22.2,1.2,12.1,0.0,0.0,0.0,4.31,8.2,171,3.0,23.14
2024-04-22,23.6,10.2,16.9,0.1,0.1,0.0,7.94,13.6,209,51.0,20.22
2024-04-23,19.0,10.6,14.0,3.3,3.3,0.0,3.81,8.2,102,55.0,9.92
2024-04-24,17.8,10.9,13.9,0.9,0.9,0.0,6.03,10.5,215,51.0,12.38
2024-04-25,22.0,12.4,16.9,0.9,0.9,0.0,9.35,16.0,236,53.0,24.44
2024-04-26,18.2,10.7,15.0,1.7,1.7,0.0,3.26,6.7,36,53.0,15.51
2024-04-27,16.9,9.0,12.7,1.9,1.9,0.0,5.14,7.8,341,53.0,16.48
2024-04-28,11.6,3.5,9.3,0.0,0.0,0.0,3.83,8.1,351,3.0,11.31
2024-04-29,12.1,3.0,7.9,0.2,0.2,0.0,4.25,7.6,66,51.0,8.64
2024-04-30,18.5,2.1,10.6,0.0,0.0,0.0,5.55,11.3,241,2.0,23.75
2024-05-01,24.8,6.4,16.9,0.0,0.0,0.0,8.41,13.9,211,0.0,25.73
2024-05-02,26.4,13.1,19.8,0.0,0.0,0.0,8.94,15.4,232,1.0,25.46
2024-05-03,29.9,12.2,21.1,0.0,0.0,0.0,8.3,15.4,217,1.0,25.53
2024-05-04,26.8,13.9,20.6,0.0,0.0,0.0,10.1,18.5,212,1.0,24.25
2024-05-05,22.7,15.3,18.3,0.0,0.0,0.0,7.02,11.9,195,3.0,17.1
2024-05-06,20.6,12.1,16.5,0.0,0.0,0.0,7.55,14.1,34,3.0,14.45
2024-05-07,21.7,8.5,15.5,0.0,0.0,0.0,5.86,11.9,45,1.0,26.18
2024-05-08,25.0,6.6,17.6,0.0,0.0,0.0,8.0,14.1,214,3.0,26.36
2024-05-09,21.9,12.5,17.6,0.0,0.0,0.0,8.05,14.2,24,3.0,26.54
2024-05-10,23.0,13.0,17.3,9.0,9.0,0.0,12.26,21.4,197,61.0,13.87
2024-05-11,17.9,8.5,13.7,2.7,2.7,0.0,13.38,23.4,239,53.0,22.37
2024-05-12,19.3,7.5,12.9,0.0,0.0,0.0,8.07,13.9,305,3.0,20.43
2024-05-13,25.3,10.4,18.9,0.0,0.0,0.0,6.91,13.9,224,3.0,22.61
2024-05-14,21.6,8.2,16.5,1.2,1.2,0.0,7.6,14.1,307,51.0,16.46
2024-05-15,18.0,5.1,12.3,0.0,0.0,0.0,5.57,11.9,348,2.0,26.14
2024-05-16,20.7,3.9,13.5,0.0,0.0,0.0,2.95,7.4,140,0.0,27.69
2024-05-17,28.5,9.0,20.3,0.0,0.0,0.0,6.98,12.7,204,1.0,27.34
2024-05-18,21.6,13.6,18.8,0.0,0.0,0.0,7.36,12.3,328,3.0,17.94
2024-05-19,13.4,6.3,9.8,11.5,11.5,0.0,5.7,10.8,41,61.0,4.89
2024-05-20,19.3,4.1,12.2,0.0,0.0,0.0,3.0,6.4,93,3.0,26.87
2024-05-21,28.4,10.4,20.2,0.0,0.0,0.0,9.79,17.6,203,1.0,25.3
2024-05-22,26.5,17.0,21.3,3.7,3.7,0.0,11.11,20.0,230,61.0,22.86
2024-05-23,19.9,8.9,15.1,8.3,8.3,0.0,5.14,10.4,351,61.0,17.41
2024-05-24,21.1,7.6,14.9,0.0,0.0,0.0,3.82,8.7,12,2.0,26.15
2024-05-25,21.9,10.2,16.8,1.1,1.1,0.0,3.51,7.5,132,51.0,19.37
2024-05-26,17.3,11.7,14.3,38.9,38.9,0.0,6.44,13.2,226,63.0,5.97
2024-05-27,18.6,10.8,13.7,6.1,6.1,0.0,8.93,17.1,345,61.0,11.66
2024-05-28,23.8,12.1,17.6,0.1,0.1,0.0,5.58,10.8,247,51.0,25.89
2024-05-29,14.6,12.1,13.3,7.1,7.1,0.0,5.66,11.1,93,61.0,7.63
2024-05-30,19.4,11.5,14.6,30.9,30.9,0.0,7.43,15.0,208,63.0,8.05
2024-05-31,17.8,11.1,13.7,0.4,0.4,0.0,5.74,10.5,337,51.0,8.51
2024-06-01,15.1,9.5,12.8,1.1,1.1,0.0,4.24,8.3,349,51.0,10.87
2024-06-02,21.1,11.2,16.0,0.2,0.2,0.0,2.77,5.9,60,51.0,15.7
2024-06-03,26.3,10.7,19.0,0.0,0.0,0.0,2.64,4.7,189,0.0,27.76
2024-06-04,28.5,14.6,21.8,0.4,0.4,0.0,2.94,7.3,228,51.0,26.69
2024-06-05,27.2,18.5,23.1,0.0,0.0,0.0,8.21,15.0,217,3.0,21.57
2024-06-06,27.5,19.6,23.3,0.1,0.1,0.0,8.24,14.8,208,51.0,22.48
2024-06-07,24.6,17.5,20.5,4.4,4.4,0.0,8.1,15.9,211,53.0,14.79
2024-06-08,22.5,15.0,18.5,14.0,14.0,0.0,6.02,12.9,206,63.0,16.05
2024-06-09,24.8,14.6,19.3,0.7,0.7,0.0,4.24,9.7,267,53.0,22.34
2024-06-10,29.1,13.5,22.8,0.0,0.0,0.0,5.35,10.7,183,0.0,27.7
2024-06-11,28.2,20.0,23.8,16.6,16.6,0.0,6.6,13.0,212,65.0,21.13
2024-06-12,27.0,17.6,22.3,1.6,1.6,0.0,3.55,9.2,1,53.0,23.89
2024-06-13,27.8,18.9,22.7,16.2,16.2,0.0,7.21,12.8,201,63.0,14.27
2024-06-14,25.6,16.5,21.0,11.1,11.1,0.0,5.61,10.3,230,63.0,22.11
2024-06-15,21.1,14.2,17.6,0.3,0.3,0.0,6.8,11.1,313,51.0,12.72
2024-06-16,27.6,13.7,21.3,0.0,0.0,0.0,7.92,11.9,243,3.0,25.86
2024-06-17,27.7,16.4,22.9,0.0,0.0,0.0,8.42,11.8,290,2.0,27.95
2024-06-18,29.3,14.6,22.8,0.0,0.0,0.0,3.47,6.0,106,0.0,28.25
2024-06-19,33.0,21.4,27.2,0.0,0.0,0.0,9.07,16.2,211,1.0,26.29
2024-06-20,28.0,20.1,24.2,0.4,0.4,0.0,6.88,14.0,214,51.0,18.62
2024-06-21,29.7,19.4,24.7,1.2,1.2,0.0,3.64,6.2,167,53.0,23.89
2024-06-22,27.8,16.7,22.6,11.4,11.4,0.0,7.14,13.4,257,63.0,21.12
2024-06-23,17.1,15.3,16.3,1.3,1.3,0.0,5.2,9.7,357,53.0,7.46
2024-06-24,16.2,14.3,15.5,1.6,1.6,0.0,5.2,9.7,349,51.0,3.66
2024-06-25,26.9,12.3,20.0,0.0,0.0,0.0,4.61,9.8,236,1.0,22.51
2024-06-26,29.9,17.0,24.1,0.2,0.2,0.0,5.52,9.1,214,51.0,26.35
2024-06-27,30.7,20.4,25.7,0.0,0.0,0.0,5.73,10.8,213,1.0,25.7
2024-06-28,31.3,21.9,26.5,0.0,0.0,0.0,8.34,15.1,205,3.0,25.83
2024-06-29,30.2,22.7,26.3,0.0,0.0,0.0,8.41,15.6,212,3.0,24.94
2024-06-30,26.6,17.0,22.6,13.2,13.2,0.0,5.78,10.2,10,63.0,16.53
2024-07-01,26.6,15.4,21.1,0.0,0.0,0.0,4.08,8.2,33,1.0,28.03
2024-07-02,28.2,13.6,22.5,0.0,0.0,0.0,4.65,8.7,76,2.0,24.23
2024-07-03,22.4,18.5,19.9,28.4,28.4,0.0,7.27,12.7,119,63.0,3.15
2024-07-04,22.7,18.2,20.6,3.7,3.7,0.0,5.52,9.6,219,53.0,4.56
2024-07-05,23.0,18.9,20.5,23.5,23.5,0.0,3.68,8.0,234,63.0,4.23
2024-07-06,25.5,19.0,22.3,8.5,8.5,0.0,4.44,8.4,84,55.0,10.47
2024-07-07,28.9,20.6,24.5,15.1,15.1,0.0,4.44,9.4,344,61.0,18.08
2024-07-08,27.5,18.4,23.7,7.4,7.4,0.0,6.36,11.3,14,61.0,15.03
2024-07-09,27.7,16.1,22.7,0.0,0.0,0.0,3.82,7.3,33,1.0,27.79
2024-07-10,29.6,16.4,23.6,0.0,0.0,0.0,3.92,7.4,269,0.0,26.77
2024-07-11,27.9,18.8,23.6,0.7,0.7,0.0,2.51,7.7,122,51.0,24.06
2024-07-12,27.9,19.0,23.5,3.3,3.3,0.0,2.61,6.1,47,61.0,20.57
2024-07-13,28.6,19.8,24.2,5.1,5.1,0.0,2.38,5.6,103,61.0,19.43
2024-07-14,30.3,20.9,25.7,0.3,0.3,0.0,2.3,5.6,116,51.0,22.77
2024-07-15,31.1,22.2,27.0,0.2,0.2,0.0,4.07,8.4,184,51.0,22.47
2024-07-16,30.9,23.1,27.2,0.3,0.3,0.0,6.03,12.4,189,51.0,20.57
2024-07-17,27.2,21.7,25.1,5.7,5.7,0.0,6.41,11.2,193,61.0,4.78
2024-07-18,28.8,20.8,24.5,0.1,0.1,0.0,4.7,9.0,209,51.0,20.77
2024-07-19,30.9,21.7,26.3,1.3,1.3,0.0,6.72,13.3,212,53.0,23.62
2024-07-20,26.3,22.4,24.3,9.1,9.1,0.0,5.69,10.1,205,63.0,8.04
2024-07-21,30.4,21.8,25.9,16.8,16.8,0.0,6.03,9.3,223,65.0,15.51
2024-07-22,30.8,22.5,25.9,34.3,34.3,0.0,5.44,10.2,198,65.0,10.77
2024-07-23,28.5,21.4,24.3,27.1,27.1,0.0,2.73,7.2,148,63.0,11.87
2024-07-24,27.4,22.0,24.5,1.0,1.0,0.0,2.69,6.5,105,51.0,11.65
2024-07-25,29.0,21.9,25.2,10.6,10.6,0.0,3.75,7.8,139,63.0,14.75
2024-07-26,24.8,22.6,23.5,40.4,40.4,0.0,6.21,10.5,177,63.0,4.35
2024-07-27,28.1,22.9,25.1,0.8,0.8,0.0,5.75,11.1,210,51.0,10.08
2024-07-28,27.9,24.0,25.5,1.7,1.7,0.0,5.08,8.3,207,51.0,8.59
2024-07-29,30.1,22.6,26.3,1.5,1.5,0.0,5.98,12.0,268,51.0,18.85
2024-07-30,31.4,21.6,26.7,0.3,0.3,0.0,4.24,6.5,223,51.0,20.46
2024-07-31,29.4,22.9,25.4,52.1,52.1,0.0,7.99,17.8,195,65.0,7.53
2024-08-01,28.0,22.9,25.7,2.2,2.2,0.0,7.32,11.7,237,51.0,15.61
2024-08-02,28.1,21.7,24.8,5.2,5.2,0.0,4.57,7.8,332,61.0,12.37
2024-08-03,29.4,21.6,25.9,0.4,0.4,0.0,2.02,5.0,11,51.0,16.29
2024-08-04,31.2,24.3,27.0,16.7,16.7,0.0,5.71,11.7,186,63.0,13.49
2024-08-05,27.7,23.8,25.4,6.0,6.0,0.0,5.69,10.4,204,55.0,6.79
2024-08-06,30.4,22.9,26.2,0.2,0.2,0.0,5.09,8.8,221,51.0,19.43
2024-08-07,31.7,21.8,26.6,0.0,0.0,0.0,3.0,6.9,213,1.0,23.82
2024-08-08,29.5,21.5,25.3,0.9,0.9,0.0,5.52,7.7,253,51.0,11.92
2024-08-09,30.9,20.5,25.8,0.0,0.0,0.0,2.62,4.5,201,3.0,20.96
2024-08-10,25.7,23.4,24.5,17.9,17.9,0.0,7.39,16.4,118,63.0,5.62
2024-08-11,28.2,22.1,25.1,8.7,8.7,0.0,5.9,14.8,194,61.0,13.87
2024-08-12,26.3,20.7,23.2,1.1,1.1,0.0,4.37,8.1,4,51.0,11.02
2024-08-13,28.4,19.9,24.0,0.0,0.0,0.0,4.1,8.3,31,3.0,16.94
2024-08-14,28.1,20.6,24.6,0.0,0.0,0.0,3.94,7.6,24,3.0,16.23
2024-08-15,29.5,20.7,24.9,0.0,0.0,0.0,2.44,4.9,353,2.0,17.11
2024-08-16,30.1,20.1,25.2,0.3,0.3,0.0,3.28,4.4,12,51.0,19.29
2024-08-17,30.3,20.5,25.5,0.1,0.1,0.0,2.02,4.1,41,51.0,18.59
2024-08-18,30.6,21.0,25.9,0.9,0.9,0.0,2.02,4.5,99,53.0,16.34
2024-08-19,28.7,23.1,25.4,13.4,13.4,0.0,2.83,8.3,157,63.0,12.92
2024-08-20,28.1,23.0,24.9,10.2,10.2,0.0,3.88,7.2,69,55.0,8.37
2024-08-21,27.9,23.6,25.2,17.8,17.8,0.0,4.2,8.0,171,61.0,5.63
2024-08-22,24.3,20.5,22.4,1.5,1.5,0.0,3.98,7.3,324,51.0,9.07
2024-08-23,27.1,18.4,22.6,0.0,0.0,0.0,3.32,7.4,359,2.0,21.59
2024-08-24,28.0,17.8,22.7,0.0,0.0,0.0,3.45,6.1,123,1.0,19.58
2024-08-25,27.3,18.0,22.7,0.3,0.3,0.0,4.92,9.3,261,51.0,19.52
2024-08-26,27.7,17.0,21.9,0.0,0.0,0.0,5.1,9.2,264,1.0,22.94
2024-08-27,26.6,15.8,21.4,0.0,0.0,0.0,3.9,8.1,358,3.0,18.91
2024-08-28,27.9,15.9,22.0,0.0,0.0,0.0,3.45,7.0,196,3.0,20.85
2024-08-29,29.5,18.0,23.4,0.0,0.0,0.0,3.81,7.0,198,2.0,21.71
2024-08-30,24.5,16.3,21.0,8.3,8.3,0.0,6.93,10.9,266,63.0,12.56
2024-08-31,26.7,14.2,21.0,0.0,0.0,0.0,3.2,6.4,253,3.0,19.12
2024-09-01,22.8,12.5,19.2,3.5,3.5,0.0,6.79,12.1,287,55.0,13.13
2024-09-02,25.6,10.9,18.2,0.0,0.0,0.0,3.04,6.8,234,0.0,21.88
2024-09-03,26.6,13.5,19.7,0.0,0.0,0.0,3.21,6.7,179,0.0,22.2
2024-09-04,22.1,16.8,19.6,21.6,21.6,0.0,6.4,13.3,209,63.0,3.45
2024-09-05,23.2,12.2,18.5,9.4,9.4,0.0,4.96,10.2,331,63.0,17.37
2024-09-06,24.4,12.6,18.4,0.0,0.0,0.0,4.88,9.4,226,3.0,19.29
2024-09-07,27.0,15.2,20.6,0.0,0.0,0.0,4.83,9.8,225,1.0,19.83
2024-09-08,28.1,14.6,20.9,0.0,0.0,0.0,4.16,8.2,199,0.0,20.95
2024-09-09,25.1,16.9,21.1,2.6,2.6,0.0,7.03,14.3,198,53.0,12.12
2024-09-10,24.0,14.7,19.7,1.9,1.9,0.0,6.17,11.9,273,55.0,16.22
2024-09-11,24.8,12.9,18.1,0.0,0.0,0.0,2.59,5.0,236,1.0,16.87
2024-09-12,27.4,12.3,19.9,0.0,0.0,0.0,3.76,7.3,206,2.0,19.59
2024-09-13,18.1,10.9,15.5,1.5,1.5,0.0,7.47,13.7,20,53.0,12.65
2024-09-14,16.3,6.7,11.6,5.9,5.9,0.0,4.25,8.1,354,61.0,11.69
2024-09-15,21.1,5.3,13.1,0.0,0.0,0.0,2.94,5.0,150,3.0,20.01
2024-09-16,20.5,12.3,16.3,0.1,0.1,0.0,5.81,10.2,213,51.0,4.72
2024-09-17,23.9,10.7,17.4,0.0,0.0,0.0,2.64,5.0,264,3.0,15.97
2024-09-18,25.5,11.5,17.7,0.0,0.0,0.0,2.43,5.9,235,3.0,18.51
2024-09-19,24.9,10.0,16.4,0.0,0.0,0.0,7.89,13.5,311,,17.63
2024-09-20,11.7,7.5,9.9,0.4,0.4,0.0,4.34,8.2,28,,3.51
2024-09-21,16.1,5.4,10.4,0.0,0.0,0.0,5.84,11.1,25,,15.72
2024-09-22,18.7,2.4,11.0,0.0,0.0,0.0,2.74,4.8,19,,18.89
2024-09-23,20.7,6.0,12.7,0.0,0.0,0.0,4.14,8.2,191,,18.3
2024-09-24,22.9,9.3,15.7,0.0,0.0,0.0,6.62,12.0,189,,16.63
2024-09-25,18.8,10.9,14.2,6.9,6.9,0.0,5.67,9.8,254,,6.73
2024-09-26,21.8,7.1,13.8,0.0,0.0,0.0,2.9,6.7,77,,16.76
2024-09-27,22.1,6.2,13.5,0.0,0.0,0.0,2.77,6.1,93,,17.74
2024-09-28,24.4,7.3,15.5,0.0,0.0,0.0,4.97,9.3,180,,16.88
2024-09-29,26.2,14.4,20.2,0.0,0.0,0.0,8.61,14.5,194,,14.43
2024-09-30,19.5,7.5,11.7,0.6,0.6,0.0,9.21,15.4,287,,5.88
2024-10-01,13.7,4.6,9.1,0.2,0.2,0.0,4.57,8.3,296,,14.49
2024-10-02,14.8,2.5,8.6,0.0,0.0,0.0,4.77,9.4,240,,16.92
2024-10-03,20.8,6.1,12.7,0.0,0.0,0.0,6.29,11.7,204,,16.54
2024-10-04,21.7,8.1,14.6,0.0,0.0,0.0,7.3,13.2,201,,16.29
2024-10-05,21.9,10.5,15.1,0.0,0.0,0.0,6.74,12.5,216,,14.89
2024-10-06,11.4,5.3,9.4,0.5,0.5,0.0,5.4,8.9,13,,3.96
2024-10-07,16.0,1.6,8.5,0.0,0.0,0.0,3.2,6.3,270,,15.61
2024-10-08,18.5,4.6,9.9,0.0,0.0,0.0,4.81,9.4,218,,15.61
2024-10-09,20.5,5.1,12.6,0.0,0.0,0.0,5.86,11.0,178,,15.19
2024-10-10,13.9,5.4,9.9,5.7,5.7,0.0,7.47,13.3,230,,12.09
2024-10-11,20.1,5.3,11.6,0.0,0.0,0.0,8.51,15.4,207,,14.76
2024-10-12,17.4,2.6,9.0,0.0,0.0,0.0,2.77,5.2,309,,14.81
2024-10-13,23.5,5.3,14.7,0.0,0.0,0.0,6.42,11.5,192,,13.87
2024-10-14,21.9,9.7,17.0,6.8,6.8,0.0,10.91,18.7,209,,8.92
2024-10-15,9.6,-0.3,6.2,0.0,0.0,0.0,5.08,10.8,316,,13.24
2024-10-16,13.5,-0.9,6.1,0.0,0.0,0.0,4.51,8.8,188,,13.87
2024-10-17,17.2,3.1,11.2,0.1,0.1,0.0,4.23,7.5,194,,10.73
2024-10-18,13.1,-0.5,8.1,10.4,10.4,0.0,7.48,11.8,328,,4.91
2024-10-19,4.0,-4.7,-0.6,0.0,0.0,0.0,7.15,11.9,335,,14.16
2024-10-20,10.5,-5.2,3.0,0.0,0.0,0.0,7.29,12.4,173,,13.5
2024-10-21,15.5,5.4,10.7,1.8,1.8,0.0,12.64,21.6,211,,8.99
2024-10-22,7.8,1.8,4.9,0.3,0.3,0.0,4.66,7.7,346,,7.16
2024-10-23,8.2,1.2,3.7,0.0,0.0,0.0,5.23,9.1,337,,11.85
2024-10-24,14.2,0.6,6.3,0.0,0.0,0.0,4.88,8.9,201,,11.02
2024-10-25,17.1,4.8,10.0,0.0,0.0,0.0,6.63,12.2,233,,11.2
2024-10-26,9.4,3.7,6.1,3.2,3.2,0.0,5.09,8.9,33,,7.74
2024-10-27,5.4,-0.1,2.8,2.7,2.7,0.0,5.35,9.4,312,,5.5
2024-10-28,12.6,-0.8,4.3,0.0,0.0,0.0,3.69,7.9,197,,11.67
2024-10-29,15.6,1.1,8.0,2.6,2.6,0.0,5.08,10.6,190,,10.76
2024-10-30,11.0,3.7,6.9,0.0,0.0,0.0,3.68,7.1,248,,10.3
2024-10-31,15.1,3.7,9.4,1.5,1.5,0.0,5.68,11.2,204,,8.71
2024-11-01,13.4,1.7,7.9,0.0,0.0,0.0,5.26,8.5,296,,10.85
2024-11-02,11.6,-0.9,4.8,0.0,0.0,0.0,3.99,6.3,98,,10.52
2024-11-03,8.1,3.9,5.7,10.7,10.7,0.0,3.43,6.5,280,,3.09
2024-11-04,5.4,-1.1,2.6,1.9,1.9,0.0,5.06,9.9,315,,10.75
2024-11-05,3.4,-6.7,-0.8,0.0,0.0,0.0,5.57,9.8,299,,9.34
2024-11-06,3.0,-7.3,-2.7,0.0,0.0,0.0,3.84,7.0,269,,8.69
2024-11-07,6.9,-6.2,0.3,0.0,0.0,0.0,4.66,8.7,126,,9.44
2024-11-08,9.1,1.8,4.7,0.0,0.0,0.0,3.4,5.9,185,,5.25
2024-11-09,15.6,5.8,10.5,0.0,0.0,0.0,8.75,16.8,201,,5.49
2024-11-10,12.6,-1.7,8.7,0.9,0.9,0.0,9.02,15.6,261,,8.02
2024-11-11,9.7,-3.0,4.1,0.4,0.4,0.0,8.51,16.6,212,,7.39
2024-11-12,7.6,-3.1,2.1,0.0,0.0,0.0,4.74,8.9,330,,9.57
2024-11-13,13.4,-3.4,4.8,0.0,0.0,0.0,6.07,10.7,181,,9.27
2024-11-14,12.9,6.7,9.1,0.4,0.4,0.0,6.52,11.8,212,,5.89
2024-11-15,11.2,4.5,7.7,0.0,0.0,0.0,5.76,11.1,169,,4.58
2024-11-16,10.3,-4.7,4.0,1.6,1.6,0.0,6.09,11.1,305,,5.29
2024-11-17,-0.1,-8.9,-4.5,0.0,0.0,0.0,7.13,13.4,294,,9.12
2024-11-18,-3.7,-9.6,-7.4,0.0,0.0,0.0,3.82,7.9,299,,9.16
2024-11-19,2.6,-9.5,-3.6,0.0,0.0,0.0,7.2,13.2,204,,8.7
2024-11-20,6.5,-4.9,-0.4,0.0,0.0,0.0,5.25,9.2,227,,8.59
2024-11-21,4.7,-4.0,0.2,0.0,0.0,0.0,5.88,10.4,285,,6.72
2024-11-22,0.2,-9.5,-4.7,0.0,0.0,0.0,4.29,8.6,353,,8.6
2024-11-23,0.7,-11.2,-6.2,0.0,0.0,0.0,2.78,4.3,140,,8.41
2024-11-24,4.6,-8.0,-1.5,0.0,0.0,0.0,4.5,7.5,166,,6.24
2024-11-25,6.2,2.5,4.3,5.0,5.0,0.0,6.48,11.4,176,,2.33
2024-11-26,3.2,-10.7,-5.2,9.9,3.0,4.83,6.85,12.0,263,,4.34
2024-11-27,-7.9,-11.5,-9.5,0.0,0.0,0.0,7.4,13.7,226,,7.25
2024-11-28,-6.5,-10.3,-8.0,2.3,0.0,1.61,7.05,12.2,262,,5.92
2024-11-29,-3.9,-11.1,-7.9,0.0,0.0,0.0,5.73,10.6,260,,7.88
2024-11-30,1.8,-9.1,-5.3,0.1,0.0,0.07,5.12,9.3,266,,5.26
2024-12-01,3.7,-9.7,-2.7,0.4,0.4,0.0,8.32,13.6,203,,4.83
2024-12-02,-6.4,-11.5,-9.0,0.0,0.0,0.0,7.31,13.8,282,,7.98
2024-12-03,-6.5,-12.4,-10.2,0.0,0.0,0.0,9.78,17.3,266,,7.7
2024-12-04,-2.8,-12.7,-7.7,0.0,0.0,0.0,8.08,14.1,254,,7.74
2024-12-05,-3.3,-11.0,-7.4,0.0,0.0,0.0,7.29,12.5,265,,6.8
2024-12-06,-5.8,-13.6,-9.2,0.0,0.0,0.0,4.29,8.4,313,,5.94
2024-12-07,-5.4,-13.6,-9.8,0.0,0.0,0.0,5.02,9.7,258,,7.57
2024-12-08,-2.8,-12.7,-8.6,0.0,0.0,0.0,3.42,6.7,249,,7.46
2024-12-09,-0.5,-10.5,-6.6,0.0,0.0,0.0,4.71,9.3,216,,7.3
2024-12-10,-1.7,-11.4,-7.2,0.0,0.0,0.0,4.19,7.3,290,,7.3
2024-12-11,-4.8,-13.5,-9.7,0.0,0.0,0.0,4.35,8.0,281,,7.56
2024-12-12,-5.3,-14.4,-11.2,0.0,0.0,0.0,4.67,8.9,239,,7.36
2024-12-13,-6.4,-16.8,-12.5,0.0,0.0,0.0,3.27,6.2,310,,7.42
2024-12-14,-5.6,-14.6,-9.9,0.0,0.0,0.0,6.65,12.0,244,,7.4
2024-12-15,-4.3,-13.3,-9.2,0.0,0.0,0.0,6.1,11.1,278,,7.32
2024-12-16,-6.1,-14.8,-11.3,0.0,0.0,0.0,4.45,8.2,279,,7.46
2024-12-17,-8.0,-16.5,-13.1,0.0,0.0,0.0,4.52,9.3,329,,7.17
2024-12-18,-7.4,-18.6,-13.5,0.0,0.0,0.0,3.63,7.4,289,,7.34
2024-12-19,-6.3,-14.7,-11.3,0.0,0.0,0.0,4.81,9.1,220,,6.89
2024-12-20,-7.2,-15.8,-11.5,0.0,0.0,0.0,5.12,9.5,36,,5.31
2024-12-21,-7.8,-16.8,-13.0,0.0,0.0,0.0,5.04,9.3,294,,6.52
2024-12-22,-4.3,-14.5,-10.7,0.0,0.0,0.0,5.04,9.0,259,,7.21
2024-12-23,-6.2,-15.1,-11.2,0.0,0.0,0.0,5.08,9.4,311,,7.09
2024-12-24,-3.0,-13.7,-8.7,0.0,0.0,0.0,6.25,10.9,214,,7.27
2024-12-25,-2.1,-13.1,-6.7,0.0,0.0,0.0,6.74,11.7,256,,7.28
2024-12-26,-8.0,-14.2,-12.0,0.0,0.0,0.0,6.47,11.6,274,,7.24
2024-12-27,-7.7,-15.2,-12.3,0.0,0.0,0.0,4.76,9.0,263,,7.41
2024-12-28,-5.8,-16.0,-11.9,0.0,0.0,0.0,4.59,8.4,266,,7.28
2024-12-29,-3.2,-17.3,-9.8,0.0,0.0,0.0,5.66,9.7,177,,6.66
2024-12-30,-5.7,-11.8,-8.6,0.0,0.0,0.0,5.36,10.1,248,,7.18
2024-12-31,-3.4,-13.3,-8.9,0.0,0.0,0.0,5.06,9.6,217,,7.07
